שם צבע (Color Name),קוד צבע (Color Code),RGB,HEX
SWAN WING,OW11P,"rgb(245,235,217)",#F5EBD9
Snow White,OW201P,"rgb(245,239,225)",#F5EFE1
White Lace,OW211P,"rgb(241,238,227)",#F1EEE3
INTIMATE WHITE,OW212P,"rgb(238,231,220)",#EEE7DC
Hush White,OW221P,"rgb(240,236,225)",#F0ECE1
Mobe Pearl,OW222P,"rgb(236,226,215)",#ECE2D7
ASH WHITE,OW241P,"rgb(229,227,220)",#E5E3DC
Light Approach,OW251P,"rgb(243,228,208)",#F3E4D0
Fine Linen,OW501P,"rgb(245,239,226)",#F5EFE2
Open Up,OW502P,"rgb(243,236,222)",#F3ECDE
Moon Dance,OW503P,"rgb(240,233,218)",#F0E9DA
Take My Hand,OW504P,"rgb(237,223,202)",#EDDFCA
Freedom,OW505P,"rgb(246,234,220)",#F6EADC
Feather Touch,OW506P,"rgb(241,229,211)",#F1E5D3
In My Mind,OW507P,"rgb(237,226,208)",#EDE2D0
ICE CAFE,OW508P,"rgb(228,211,187)",#E4D3BB
Awakening,OW509P,"rgb(243,238,225)",#F3EEE1
Loveliness,OW510P,"rgb(237,230,220)",#EDE6DC
Desert Dream,OW511P,"rgb(231,220,204)",#E7DCCC
Lonely Day,OW512P,"rgb(222,213,201)",#DED5C9
Cheese Cake,OW513P,"rgb(242,238,225)",#F2EEE1
Pleasant Day,OW514P,"rgb(240,232,217)",#F0E8D9
Just Another Day,OW515P,"rgb(228,227,218)",#E4E3DA
Soft Words,OW516P,"rgb(230,220,207)",#E6DCCF
Beautiful Day,OW517P,"rgb(244,232,218)",#F4E8DA
Soft Blush,OW518P,"rgb(244,231,221)",#F4E7DD
Blushing Rose,OW519P,"rgb(235,226,216)",#EBE2D8
Mirage,OW520P,"rgb(223,219,212)",#DFDBD4
Precious,OW521P,"rgb(241,235,223)",#F1EBDF
Lace,OW522P,"rgb(235,229,223)",#EBE5DF
Morning Time,OW523P,"rgb(235,229,220)",#EBE5DC
Fine Day,OW524P,"rgb(230,224,213)",#E6E0D5
Snow Peaks,OW525P,"rgb(242,237,226)",#F2EDE2
Fine Canvas,OW526P,"rgb(238,232,220)",#EEE8DC
Perfect Day,OW527P,"rgb(232,225,219)",#E8E1DB
MATIN E,OW528P,"rgb(228,220,207)",#E4DCCF
Morning Prayer,OW529P,"rgb(244,234,222)",#F4EADE
JAMAICA,OW530P,"rgb(232,228,218)",#E8E4DA
Time After Time,OW531P,"rgb(230,226,216)",#E6E2D8
At Ease,OW532P,"rgb(226,220,213)",#E2DCD5
Love in White,0001P,"rgb(242,236,225)",#F2ECE1
Water Lilies,0002P,"rgb(243,235,225)",#F3EBE1
Endless Love,0003P,"rgb(242,232,219)",#F2E8DB
White Pebbles,0004P,"rgb(240,229,215)",#F0E5D7
Creamy Pie,0005P,"rgb(242,237,226)",#F2EDE2
Summer White,0006P,"rgb(239,232,217)",#EFE8D9
Jute,0007P,"rgb(237,231,220)",#EDE7DC
Softest Silk,0008P,"rgb(236,230,218)",#ECE6DA
Prosperity,0009P,"rgb(243,236,225)",#F3ECE1
Blossom Touch,0010P,"rgb(243,235,222)",#F3EBDE
Hush,0011P,"rgb(238,231,220)",#EEE7DC
Open Sesame,0012P,"rgb(235,224,204)",#EBE0CC
Cotton Touch,0013P,"rgb(239,235,225)",#EFEBE1
Happy Daisy,0014P,"rgb(240,233,220)",#F0E9DC
Feels like Cotton,0015P,"rgb(230,224,212)",#E6E0D4
Morning Haze,0016P,"rgb(230,220,203)",#E6DCCB
Love is in the Air,0017P,"rgb(243,236,225)",#F3ECE1
Sleepless,0018P,"rgb(243,234,218)",#F3EADA
Wonderful White,0019P,"rgb(242,235,221)",#F2EBDD
Sunny Day,0020P,"rgb(241,230,210)",#F1E6D2
Swan Lake,0021P,"rgb(236,232,224)",#ECE8E0
Patience,0022P,"rgb(228,223,212)",#E4DFD4
Sweet Imagination,0023P,"rgb(233,225,212)",#E9E1D4
Day Dreaming,0024P,"rgb(234,225,210)",#EAE1D2
Toast and Butter,0025P,"rgb(227,222,213)",#E3DED5
Ballet Slippers,0026P,"rgb(232,226,219)",#E8E2DB
Home Sweet Home,0027P,"rgb(226,223,219)",#E2DFDB
Forever Autumn,0028P,"rgb(222,223,220)",#DEDFDC
Tiny Pink,0029P,"rgb(233,220,221)",#E9DCDD
Pink Bubble,0030P,"rgb(234,210,215)",#EAD2D7
Candy Floss,0031P,"rgb(233,192,204)",#E9C0CC
Turkey Dimple,0032T,"rgb(225,166,188)",#E1A6BC
Dahlia Delight,0033T,"rgb(210,140,168)",#D28CA8
PEONY BLOOMS,0034A,"rgb(192,112,145)",#C07091
Mystic Tulip,0035A,"rgb(159,74,109)",#9F4A6D
Satin Slipper,0036P,"rgb(237,225,225)",#EDE1E1
Blush of Spring,0037P,"rgb(236,208,211)",#ECD0D3
Be Mine,0038P,"rgb(236,190,199)",#ECBEC7
Ella Rose,0039T,"rgb(230,171,186)",#E6ABBA
Punch of Pink,0040T,"rgb(217,142,164)",#D98EA4
VALENTINO ROSE,0041A,"rgb(201,111,140)",#C96F8C
Fuscia Fizz,0042A,"rgb(177,72,106)",#B1486A
Porcelain Rose,0043P,"rgb(236,223,223)",#ECDFDF
Romantic Night,0044P,"rgb(239,211,214)",#EFD3D6
Pretty in Pink,0045P,"rgb(235,192,200)",#EBC0C8
Bubble Gum Pinkish,0046T,"rgb(232,168,178)",#E8A8B2
Precious Peony,0047T,"rgb(225,144,160)",#E190A0
ELIZABETH ROSE,0048A,"rgb(211,112,137)",#D37089
Strawberry Whip,0049A,"rgb(179,77,107)",#B34D6B
Hint of Rose,0050P,"rgb(239,225,224)",#EFE1E0
Blooming Perfect,0051P,"rgb(242,212,212)",#F2D4D4
Wild Flower,0052P,"rgb(241,191,193)",#F1BFC1
Impatient Heart,0053T,"rgb(237,172,178)",#EDACB2
Pleasing Pink,0054T,"rgb(227,143,154)",#E38F9A
BRIGHT BLUSH,0055A,"rgb(210,110,127)",#D26E7F
Go Go Red,0056A,"rgb(186,75,97)",#BA4B61
Creamy Pink,0057P,"rgb(238,224,222)",#EEE0DE
Innocent Pink,0058P,"rgb(241,209,208)",#F1D1D0
Blushing Bride,0059P,"rgb(241,191,191)",#F1BFBF
Just About Pink,0060P,"rgb(239,174,176)",#EFAEB0
Shy Peach,0061T,"rgb(235,146,148)",#EB9294
OOH LA LA,0062A,"rgb(223,110,119)",#DF6E77
Lady in Red,0063A,"rgb(197,81,95)",#C5515F
Pink Thoughts,0064P,"rgb(237,225,221)",#EDE1DD
Coral Beach,0065P,"rgb(243,211,207)",#F3D3CF
Peach Melon,0066P,"rgb(245,191,185)",#F5BFB9
Slightly Coral,0067T,"rgb(242,161,160)",#F2A1A0
CHILD&#39;S SMILE,0068T,"rgb(239,143,142)",#EF8F8E
SUNSET ROUGE,0069A,"rgb(228,112,111)",#E4706F
Njabulo,0070A,"rgb(203,80,83)",#CB5053
Delicate Lace,0071P,"rgb(237,227,223)",#EDE3DF
Peach Kiss,0072P,"rgb(245,210,204)",#F5D2CC
Dreamsicle,0073P,"rgb(248,186,178)",#F8BAB2
Peaceful Peach,0074T,"rgb(246,167,157)",#F6A79D
Hope,0075T,"rgb(244,144,136)",#F49088
FUZZY PEACH,0076A,"rgb(232,115,104)",#E87368
Red Flame,0077A,"rgb(209,73,64)",#D14940
Rose Tint,0078P,"rgb(231,215,217)",#E7D7D9
Sea Shell Pink,0079P,"rgb(227,203,209)",#E3CBD1
Ashes of Roses,0080P,"rgb(216,181,192)",#D8B5C0
Rose Dawn,0081T,"rgb(207,157,173)",#CF9DAD
Minuet Waltz,0082T,"rgb(191,137,158)",#BF899E
PUNKY PINK,0083A,"rgb(172,110,135)",#AC6E87
Groovy Grape,0084A,"rgb(145,77,104)",#914D68
Baby Blush,0085P,"rgb(232,219,219)",#E8DBDB
Quiet Alcove,0086P,"rgb(228,201,205)",#E4C9CD
Acacia Bloom,0087P,"rgb(219,179,190)",#DBB3BE
Lady Flower,0088T,"rgb(209,158,171)",#D19EAB
Persian Delight,0089T,"rgb(196,136,152)",#C48898
ROMEO,0090A,"rgb(177,106,127)",#B16A7F
KING&#39;S CLOAK,0091A,"rgb(151,71,97)",#974761
Moon Rose,0092P,"rgb(231,218,218)",#E7DADA
Loving,0093P,"rgb(229,201,202)",#E5C9CA
Pale Lipstick,0094P,"rgb(222,180,186)",#DEB4BA
Dainty Debutante,0095T,"rgb(218,161,170)",#DAA1AA
Pink Grapefruit,0096T,"rgb(204,136,150)",#CC8896
MEADOW SWEET,0097A,"rgb(188,108,123)",#BC6C7B
Garnet Shadow,0098A,"rgb(161,76,96)",#A14C60
Little Bambino,0099P,"rgb(231,217,214)",#E7D9D6
Petticoat Tails,0100P,"rgb(233,201,203)",#E9C9CB
Roseanne,0101P,"rgb(232,182,184)",#E8B6B8
Monterrey Rose,0102T,"rgb(224,158,164)",#E09EA4
Carnation Bouquet,0103T,"rgb(208,136,144)",#D08890
WILD PINK,0104A,"rgb(192,109,120)",#C06D78
Rickshaw Red,0105A,"rgb(172,76,91)",#AC4C5B
Baked Alaska,0106P,"rgb(233,216,213)",#E9D8D5
Ruby Tuesday,0107P,"rgb(235,200,199)",#EBC8C7
Cool Rosewater,0108P,"rgb(232,182,183)",#E8B6B7
Fragile Petal,0109T,"rgb(224,159,160)",#E09FA0
Miami Pink,0110T,"rgb(215,139,142)",#D78B8E
BELLE AURORE,0111A,"rgb(199,111,116)",#C76F74
Lobster Red,0112A,"rgb(176,80,91)",#B0505B
CANDLE&#39;S GLOWING LIGHT,0113P,"rgb(232,218,214)",#E8DAD6
Tender Shrimp,0114P,"rgb(235,200,197)",#EBC8C5
Love Light Chiffon,0115P,"rgb(234,182,179)",#EAB6B3
Endless Possibilities,0116T,"rgb(227,161,159)",#E3A19F
Adobe Desert,0117T,"rgb(215,137,133)",#D78985
LOBSTER BISQUE,0118A,"rgb(203,109,107)",#CB6D6B
Hot-n-Spicy,0119A,"rgb(176,76,78)",#B04C4E
White Surrender,0120P,"rgb(233,219,214)",#E9DBD6
Pink Marshmallow,0121P,"rgb(235,199,193)",#EBC7C1
Sweet Honeysuckle,0122P,"rgb(233,180,173)",#E9B4AD
Unmatched Beauty,0123T,"rgb(227,162,153)",#E3A299
Tropical Heat,0124T,"rgb(217,137,129)",#D98981
CHAKALAKA,0125A,"rgb(203,110,100)",#CB6E64
Burnt Horizon,0126A,"rgb(177,72,68)",#B14844
Pink Candle,0127P,"rgb(224,209,212)",#E0D1D4
Bleeding Heart,0128P,"rgb(207,185,192)",#CFB9C0
Odessa,0129T,"rgb(188,156,168)",#BC9CA8
LOVER&#39;S IDYLL,0130T,"rgb(175,141,155)",#AF8D9B
DIXIE ROSE,0131T/A,"rgb(161,119,135)",#A17787
BRANDY,0132A,"rgb(142,95,113)",#8E5F71
Very Berry,0133A,"rgb(127,76,95)",#7F4C5F
Angel Tears,0134P,"rgb(221,206,207)",#DDCECF
Beautiful Pink,0135P,"rgb(208,182,188)",#D0B6BC
Fantastic Pink,0136T,"rgb(193,159,166)",#C19FA6
LOVER&#39;S KISS,0137T,"rgb(177,140,151)",#B18C97
PINK EMPIRE,0138T/A,"rgb(164,116,130)",#A47482
SUMMER BLUSH,0139A,"rgb(146,94,113)",#925E71
Swazi,0140A,"rgb(136,77,94)",#884D5E
Rose Shadow,0141P,"rgb(223,205,205)",#DFCDCD
Abby Rose,0142P,"rgb(212,184,188)",#D4B8BC
Beige Rose,0143T,"rgb(195,159,166)",#C39FA6
Garden Rose,0144T,"rgb(183,140,148)",#B78C94
MARBLE PINK,0145T/A,"rgb(171,119,129)",#AB7781
DECO PINK,0146A,"rgb(154,96,108)",#9A606C
Red Red Wine,0147A,"rgb(136,74,88)",#884A58
Rosy Cloud,0148P,"rgb(225,206,206)",#E1CECE
Kisses for You,0149P,"rgb(211,181,182)",#D3B5B6
Blushing Butterfly,0150P,"rgb(199,162,164)",#C7A2A4
Kiss of Dawn,0151T,"rgb(185,136,143)",#B9888F
Mesa Ridge,0152T,"rgb(172,119,124)",#AC777C
BRYCE CANYON,0153A,"rgb(155,97,106)",#9B616A
Merry Go Round,0154A,"rgb(135,70,81)",#874651
GRANDMA&#39;S PEARL,0155P,"rgb(224,205,204)",#E0CDCC
Shy Pink,0156P,"rgb(208,180,179)",#D0B4B3
Blushing Girl,0157T,"rgb(205,163,164)",#CDA3A4
Matador Rose,0158T,"rgb(194,138,143)",#C28A8F
DUSTY PEACH,0159T/A,"rgb(176,118,123)",#B0767B
SIENNA CANYON,0160A,"rgb(163,94,97)",#A35E61
Hot Terracotta,0161A,"rgb(146,72,77)",#92484D
Waterlily Bay,0162P,"rgb(224,207,204)",#E0CFCC
Blooming in Pink,0163P,"rgb(210,180,177)",#D2B4B1
Rosehill,0164T,"rgb(201,164,162)",#C9A4A2
Floral Fantasy,0165T,"rgb(190,136,138)",#BE888A
REEF RUST,0166A,"rgb(180,117,119)",#B47577
ROOIBOS,0167A,"rgb(166,97,96)",#A66160
French Kiss,0168A,"rgb(151,73,70)",#974946
White Knight,0169P,"rgb(222,206,201)",#DECEC9
Peach Cobbler,0170P,"rgb(208,180,177)",#D0B4B1
Morning Clay,0171P,"rgb(207,165,158)",#CFA59E
Cozy Feeling,0172T,"rgb(192,143,138)",#C08F8A
Party Time,0173T,"rgb(180,122,115)",#B47A73
MAJESTIC PROMENADE,0174A,"rgb(166,101,94)",#A6655E
Just Terracotta,0175A,"rgb(157,74,67)",#9D4A43
Sea Oyster,0176P,"rgb(210,196,198)",#D2C4C6
Lunar Rock,0177P,"rgb(190,172,179)",#BEACB3
Raspberry Beret,0178T,"rgb(173,153,159)",#AD999F
Berry Mousse,0179T,"rgb(155,132,142)",#9B848E
CHOC BERRY,0180A,"rgb(138,115,125)",#8A737D
BERRY CRUSH,0181A,"rgb(125,96,106)",#7D606A
Red Wine,0182A,"rgb(106,73,85)",#6A4955
Pink Duet,0183P,"rgb(208,193,195)",#D0C1C3
Antoinette Pink,0184P,"rgb(189,172,175)",#BDACAF
Belle Vista,0185T,"rgb(174,152,156)",#AE989C
Mussel Shell,0186T,"rgb(158,133,140)",#9E858C
VINTAGE PINK,0187T/A,"rgb(143,117,123)",#8F757B
INDIAN HILLS,0188A,"rgb(127,94,101)",#7F5E65
Emperor’s Robe,0189A,"rgb(114,74,85)",#724A55
Wedding Rose,0190P,"rgb(212,195,195)",#D4C3C3
Poppy Prose,0191P,"rgb(193,174,177)",#C1AEB1
Wonderland,0192T,"rgb(173,151,155)",#AD979B
Abigail Pink,0193T,"rgb(159,133,138)",#9F858A
QUEEN&#39;S ROSE,0194A,"rgb(145,115,121)",#917379
HERALD OF SPRING,0195A,"rgb(127,93,101)",#7F5D65
Rococo Red,0196A,"rgb(111,74,82)",#6F4A52
White Kitten,0197P,"rgb(217,197,196)",#D9C5C4
Ethereal Dream,0198P,"rgb(193,172,171)",#C1ACAB
Pink Expression,0199T,"rgb(181,155,157)",#B59B9D
Spring Pride,0200T,"rgb(161,134,136)",#A18688
MA CHERIE,0201A,"rgb(148,114,119)",#947277
EYE CATCHER,0202A,"rgb(130,93,97)",#825D61
Chestnut Filly,0203A,"rgb(121,75,82)",#794B52
Apple Blush,0204P,"rgb(214,194,192)",#D6C2C0
Big Smile,0205P,"rgb(193,171,171)",#C1ABAB
Magic Lily,0206T,"rgb(183,156,157)",#B79C9D
Roseum,0207T,"rgb(164,133,134)",#A48586
BELL SONG,0208A,"rgb(150,116,119)",#967477
SUMMER BERRY,0209A,"rgb(141,97,99)",#8D6163
African Queen,0210A,"rgb(119,73,75)",#77494B
Scented Candles,0211P,"rgb(212,194,193)",#D4C2C1
Oriental Lily,0212P,"rgb(191,171,170)",#BFABAA
Pink Stone,0213T,"rgb(178,154,152)",#B29A98
Hidden Seashell,0214T,"rgb(166,135,134)",#A68786
BAUER BROWN,0215A,"rgb(154,117,116)",#9A7574
TERRA NOVA,0216A,"rgb(138,94,92)",#8A5E5C
Mahogany Magic,0217A,"rgb(120,74,71)",#784A47
Choc Milkshake,0218P,"rgb(212,195,192)",#D4C3C0
Careless Whisper,0219P,"rgb(190,173,171)",#BEADAB
Sandbar,0220T,"rgb(176,153,150)",#B09996
Oriental Magic,0221T,"rgb(166,135,132)",#A68784
Ruffles,0222T,"rgb(153,120,117)",#997875
LEATHER BOUND,0223A,"rgb(141,101,97)",#8D6561
Eclaire,0224A,"rgb(127,77,71)",#7F4D47
Pink Dusk,0225P,"rgb(199,183,187)",#C7B7BB
White on Rice,0226T,"rgb(179,162,167)",#B3A2A7
Dried Heather,0227T,"rgb(162,145,150)",#A29196
Baby Seal,0228T,"rgb(142,127,133)",#8E7F85
STONEVILLE,0229A,"rgb(124,111,117)",#7C6F75
Woodvine,0230A,"rgb(102,88,93)",#66585D
Sable Antelope,0231A,"rgb(87,72,77)",#57484D
Pale Daisy,0232P,"rgb(203,187,190)",#CBBBBE
MONUMENT MARBLE,0233P/T,"rgb(179,164,167)",#B3A4A7
MUSEE D&#39;ORSAY,0234T,"rgb(164,148,153)",#A49499
Milky Ridge,0235T,"rgb(142,128,133)",#8E8085
FLORIDA SAND,0236A,"rgb(126,111,114)",#7E6F72
Star of Morning,0237A,"rgb(103,87,93)",#67575D
Metro,0238A,"rgb(86,71,76)",#56474C
Savanna,0239P,"rgb(197,182,183)",#C5B6B7
DESERT VIEW,0240P/T,"rgb(181,165,167)",#B5A5A7
Fox Burrow,0241T,"rgb(161,144,147)",#A19093
Chapel Wall,0242T,"rgb(144,127,130)",#907F82
SUMMER#S EVE,0243A,"rgb(125,109,111)",#7D6D6F
CASA BLANCA,0244A,"rgb(110,89,93)",#6E595D
Beautiful Brown Eyes,0245A,"rgb(88,69,72)",#584548
Sugary Dust,0246P,"rgb(200,184,185)",#C8B8B9
Beige Rage,0247T,"rgb(178,162,164)",#B2A2A4
Teddy,0248T,"rgb(158,144,146)",#9E9092
Rural Road,0249T,"rgb(147,129,131)",#938183
KENROSE,0250A,"rgb(125,107,110)",#7D6B6E
ROLLING ROCK,0251A,"rgb(113,92,93)",#715C5D
Bitter Chocolate,0252A,"rgb(86,69,70)",#564546
Rasputin,0253P,"rgb(204,186,186)",#CCBABA
SEMISWEET,0254P/T,"rgb(180,165,166)",#B4A5A6
Spicy Beige,0255T,"rgb(163,147,148)",#A39394
Cappuccino,0256T,"rgb(149,130,130)",#958282
COACH HOUSE,0257A,"rgb(127,108,108)",#7F6C6C
OLD OAK TREE,0258A,"rgb(112,88,91)",#70585B
Earthbound,0259A,"rgb(98,75,76)",#624B4C
Buffy,0260P,"rgb(202,186,182)",#CABAB6
SPICE NUT,0261P/T,"rgb(180,166,165)",#B4A6A5
Stony Field,0262T,"rgb(167,155,155)",#A79B9B
Almond Rocha,0263T,"rgb(147,129,128)",#938180
WINWARD,0264A,"rgb(132,112,110)",#84706E
TAN BONANZA,0265A,"rgb(114,91,90)",#725B5A
Chocolate Delight,0266A,"rgb(98,73,71)",#624947
Incense,0267P,"rgb(196,183,181)",#C4B7B5
BEAUTIFUL BEIGE,0268P/T,"rgb(181,166,163)",#B5A6A3
Misty Beige,0269T,"rgb(161,145,143)",#A1918F
Bluff Beige,0270T,"rgb(148,131,129)",#948381
PUDDING BAR,0271A,"rgb(133,115,113)",#857371
RANCHO SANTA FE,0272A,"rgb(115,92,89)",#735C59
Deep Woods,0273A,"rgb(95,72,69)",#5F4845
PINK.INBAR&#39;S SIGNATURE COLOR,1996A,"rgb(192,96,139)",#C0608B
Apricot Brandy,0274P,"rgb(239,226,220)",#EFE2DC
Summer Secret,0275P,"rgb(246,211,203)",#F6D3CB
COUNTRY GIRL,0276P/T,"rgb(245,185,171)",#F5B9AB
Jewel Mark,0277T,"rgb(248,173,156)",#F8AD9C
CHIC BOTIQUE,0278T/A,"rgb(248,146,127)",#F8927F
HAPPY HAPPY,0279A,"rgb(238,119,100)",#EE7764
Clown Fish,0280A,"rgb(220,86,63)",#DC563F
Pale Tulip,0281P,"rgb(241,228,222)",#F1E4DE
Apricot Mousse,0282P,"rgb(246,214,203)",#F6D6CB
Magical Marlene,0283P,"rgb(248,194,177)",#F8C2B1
Peachy Cream,0284T,"rgb(249,174,151)",#F9AE97
Candy Stick,0285T,"rgb(250,153,126)",#FA997E
FRENCH MARIGOLD,0286A,"rgb(247,127,97)",#F77F61
Day Lily Dream,0287A,"rgb(230,95,59)",#E65F3B
Waxen Moon,0288P,"rgb(241,227,220)",#F1E3DC
Colonial Dream,0289P,"rgb(246,214,200)",#F6D6C8
Sandpaper,0290P,"rgb(251,195,174)",#FBC3AE
Peach Party,0291T,"rgb(250,174,148)",#FAAE94
HOORAY,0292T/A,"rgb(250,155,122)",#FA9B7A
ORANGE JUICE,0293A,"rgb(250,132,92)",#FA845C
Tangerine Tango,0294A,"rgb(232,106,60)",#E86A3C
Sodona,0295P,"rgb(241,227,220)",#F1E3DC
Double Happiness,0296P,"rgb(248,214,199)",#F8D6C7
Nursery Rhyme,0297P,"rgb(250,196,171)",#FAC4AB
Sweet Tart,0298T,"rgb(250,178,148)",#FAB294
Giggling Girl,0299T,"rgb(253,164,124)",#FDA47C
ORANGE ZEST,0300A,"rgb(252,139,89)",#FC8B59
Cedarburg,0301A,"rgb(237,115,57)",#ED7339
Candle Light,0302P,"rgb(241,229,222)",#F1E5DE
Blonde Shell,0303P,"rgb(248,220,203)",#F8DCCB
Marshmallow Miss,0304P,"rgb(251,200,174)",#FBC8AE
Orange Delight,0305T,"rgb(251,183,148)",#FBB794
SIMMERED SUN,0306T/A,"rgb(251,169,122)",#FBA97A
TANGERINE TWIST,0307A,"rgb(252,150,90)",#FC965A
Wake Up Orange,0308A,"rgb(245,128,56)",#F58038
Imperial Light,0309P,"rgb(240,231,221)",#F0E7DD
Glistening,0310P,"rgb(247,218,199)",#F7DAC7
Morning Crescent,0311P,"rgb(251,203,173)",#FBCBAD
Simmering Ridge,0312T,"rgb(250,188,145)",#FABC91
CHEERY TUNE,0313T/A,"rgb(252,173,121)",#FCAD79
Happy Day,0314A,"rgb(255,154,85)",#FF9A55
Good Day Sunshine,0315A,"rgb(244,139,52)",#F48B34
Ray of Light,0316P,"rgb(240,232,224)",#F0E8E0
Dandy Lion,0317P,"rgb(244,219,200)",#F4DBC8
Broadway Lights,0318P,"rgb(249,207,175)",#F9CFAF
Sandstone Skin,0319T,"rgb(253,196,153)",#FDC499
TOUCH THE SUN,0320T/A,"rgb(253,182,124)",#FDB67C
NAMAQUALAND,0321A,"rgb(255,167,92)",#FFA75C
Orange Surprise,0322A,"rgb(251,153,63)",#FB993F
Ivory Island,0323P,"rgb(233,218,213)",#E9DAD5
Wind Drift,0324P,"rgb(236,203,194)",#ECCBC2
Helios,0325P,"rgb(239,184,173)",#EFB8AD
Sandy Lane,0326T,"rgb(232,164,150)",#E8A496
Ceramic Peach,0327T,"rgb(220,139,124)",#DC8B7C
SPICE BOUNTY,0328A,"rgb(209,114,97)",#D17261
Baccarat,0329A,"rgb(209,89,69)",#D15945
Brushed Cotton,0330P,"rgb(233,219,213)",#E9DBD5
Downy Comfort,0331P,"rgb(234,201,191)",#EAC9BF
Harvest Peach,0332P,"rgb(235,185,169)",#EBB9A9
Western Peach,0333T,"rgb(234,167,149)",#EAA795
SPANISH BROCADE,0334T/A,"rgb(226,144,124)",#E2907C
DESERT VISTA,0335A,"rgb(217,119,95)",#D9775F
Sienna Sky,0336A,"rgb(198,92,62)",#C65C3E
Shell White,0337P,"rgb(233,217,212)",#E9D9D4
Apricot Whip,0338P,"rgb(238,204,192)",#EECCC0
Venice Square,0339P,"rgb(240,188,169)",#F0BCA9
Salmon Mousse,0340T,"rgb(232,170,149)",#E8AA95
Friendly Companion,0341T,"rgb(225,147,121)",#E19379
MOUNTAIN ROCK,0342A,"rgb(221,130,97)",#DD8261
Sunset in the Desert,0343A,"rgb(200,102,67)",#C86643
Ivory Pillar,0344P,"rgb(231,217,209)",#E7D9D1
Petite and Perfect,0345P,"rgb(235,203,188)",#EBCBBC
Peach Dawn,0346P,"rgb(235,189,167)",#EBBDA7
Romantic Overture,0347T,"rgb(236,175,147)",#ECAF93
African Light,0348T,"rgb(231,157,122)",#E79D7A
ALEX,0349A,"rgb(217,132,93)",#D9845D
Baked Earth,0350A,"rgb(200,105,60)",#C8693C
Pretty Parasol,0351P,"rgb(231,218,210)",#E7DAD2
Fairy&#39;s Dust,0352P,"rgb(235,204,187)",#EBCCBB
Pure Honey Glow,0353P,"rgb(237,192,168)",#EDC0A8
Sugar Shack,0354T,"rgb(233,176,146)",#E9B092
Lantern,0355T,"rgb(228,161,124)",#E4A17C
SAHARA WIND,0356A,"rgb(219,137,92)",#DB895C
Rich Amber,0357A,"rgb(207,117,64)",#CF7540
Orange Mallow,0358P,"rgb(231,220,211)",#E7DCD3
Baklava,0359P,"rgb(237,209,191)",#EDD1BF
Delicate Dawning,0360P,"rgb(240,195,168)",#F0C3A8
Foothills,0361T,"rgb(234,180,145)",#EAB491
SUNDROPS,0362T/A,"rgb(232,164,119)",#E8A477
ROCK PAINTING,0363A,"rgb(219,144,93)",#DB905D
African Amber,0364A,"rgb(209,125,61)",#D17D3D
Whipped Cream,0365P,"rgb(231,220,210)",#E7DCD2
Annabell,0366P,"rgb(234,208,190)",#EAD0BE
Pale Narcissus,0367P,"rgb(239,198,167)",#EFC6A7
Japura,0368T,"rgb(235,182,144)",#EBB690
Olea Orange,0369T,"rgb(234,172,123)",#EAAC7B
TASTE OF SUMMER,0370A,"rgb(227,155,97)",#E39B61
Gold Medal,0371A,"rgb(214,139,70)",#D68B46
Tequila Pearl,0372P,"rgb(221,205,199)",#DDCDC7
Chopped Nuts,0373P,"rgb(214,183,176)",#D6B7B0
Maple Pecan,0374T,"rgb(203,163,156)",#CBA39C
Coconut Macaroon,0375T,"rgb(197,145,134)",#C59186
ORANGE YOU GLAD,0376A,"rgb(186,123,110)",#BA7B6E
FREE STATE EARTH,0377A,"rgb(175,104,89)",#AF6859
Ginger Biscuit,0378A,"rgb(164,82,66)",#A45242
Creamy Fantasy,0379P,"rgb(225,207,199)",#E1CFC7
Walnut Spice,0380P,"rgb(216,186,177)",#D8BAB1
TOFFEE DELUXE,0381P/T,"rgb(211,167,155)",#D3A79B
Tartlet,0382T,"rgb(200,149,134)",#C89586
STARDUST PEACH,0383T/A,"rgb(189,131,113)",#BD8371
ANCIENT EARTH,0384A,"rgb(176,107,88)",#B06B58
Cave Painting,0385A,"rgb(167,90,67)",#A75A43
Coconut Cream,0386P,"rgb(227,209,201)",#E3D1C9
Nutmeg Dust,0387P,"rgb(218,188,178)",#DABCB2
Pumpkin Spice,0388T,"rgb(209,168,152)",#D1A898
Highland Buff,0389T,"rgb(205,153,135)",#CD9987
CANYON WALL,0390T/A,"rgb(192,133,111)",#C0856F
FRECKLE,0391A,"rgb(180,114,90)",#B4725A
Mystic Copper,0392A,"rgb(165,94,69)",#A55E45
Morning Clarens,0393P,"rgb(225,206,199)",#E1CEC7
You&#39;re My Sweetie,0394P,"rgb(219,189,176)",#DBBDB0
Pasta Primavera,0395T,"rgb(210,171,152)",#D2AB98
Warm Welcome,0396T,"rgb(201,152,133)",#C99885
CINNAMON CITY,0397T/A,"rgb(194,134,109)",#C2866D
CARROT SPICE,0398A,"rgb(185,118,91)",#B9765B
Spiced Cinnamon,0399A,"rgb(176,104,71)",#B06847
Pieces of Eight,0400P,"rgb(225,208,198)",#E1D0C6
Harvest Oat,0401P,"rgb(216,190,176)",#D8BEB0
Ripe Oats,0402T,"rgb(208,171,151)",#D0AB97
Strand of Gold,0403T,"rgb(200,155,131)",#C89B83
YUMMY,0404T/A,"rgb(191,138,109)",#BF8A6D
TOFFEE FUDGE,0405A,"rgb(178,122,90)",#B27A5A
Sticky Toffee,0406A,"rgb(176,108,68)",#B06C44
Cr?me Delight,0407P,"rgb(224,209,200)",#E0D1C8
Spiced Cider,0408P,"rgb(213,189,175)",#D5BDAF
Apple Cider,0409T,"rgb(207,175,155)",#CFAF9B
Peanut Snack,0410T,"rgb(201,158,132)",#C99E84
HARVEST TIME,0411T/A,"rgb(193,141,108)",#C18D6C
Carrot Muffin,0412A,"rgb(184,124,86)",#B87C56
Goose Bill,0413A,"rgb(174,110,67)",#AE6E43
Warm Like Bread,0414P,"rgb(219,207,198)",#DBCFC6
Baked Coconut,0415P,"rgb(216,192,176)",#D8C0B0
Spice Cookie,0416T,"rgb(209,178,156)",#D1B29C
Wheat field,0417T,"rgb(204,165,135)",#CCA587
BUTTERSCOTCH MOUSSE,0418T/A,"rgb(195,152,115)",#C39873
PEANUTS,0419A,"rgb(187,134,93)",#BB865D
Safari Sun,0420A,"rgb(185,122,74)",#B97A4A
Falling Leaf,0421P,"rgb(212,195,190)",#D4C3BE
Bedouin Sand,0422P,"rgb(198,177,172)",#C6B1AC
Caf? Beige,0423T,"rgb(182,157,151)",#B69D97
Coffee Break,0424T,"rgb(173,140,133)",#AD8C85
MOCHA CHUNK,0425T/A,"rgb(159,120,111)",#9F786F
COCO NIBS,0426A,"rgb(143,102,94)",#8F665E
Hot Fudge Sundae,0427A,"rgb(131,81,69)",#835145
Carefree,0428P,"rgb(213,196,191)",#D5C4BF
Earth Born,0429P,"rgb(200,177,170)",#C8B1AA
Moon Dust,0430T,"rgb(185,159,151)",#B99F97
Beauty Sleep,0431T,"rgb(173,141,133)",#AD8D85
FIESTA TIME,0432T/A,"rgb(161,124,113)",#A17C71
COFFEE SHOP,0433A,"rgb(150,106,93)",#966A5D
Chocolate Chunk,0434A,"rgb(132,85,70)",#845546
Sweetest Silence,0435P,"rgb(215,199,192)",#D7C7C0
Bare Necessities,0436P,"rgb(200,177,167)",#C8B1A7
Tan Tone,0437T,"rgb(182,157,148)",#B69D94
Earthen Fantasy,0438T,"rgb(171,142,132)",#AB8E84
DAY DREAMER,0439T/A,"rgb(159,124,112)",#9F7C70
YELLOW SASS,0440A,"rgb(150,106,91)",#966A5B
Sun Baked,0441A,"rgb(141,90,71)",#8D5A47
Delightful,0442P,"rgb(212,194,186)",#D4C2BA
Cream Tulip,0443P,"rgb(200,178,168)",#C8B2A8
Alchemy,0444T,"rgb(184,161,150)",#B8A196
Tete a Tete,0445T,"rgb(171,142,129)",#AB8E81
EARTHLING,0446T/A,"rgb(161,128,111)",#A1806F
MOCCA BROWN,0447A,"rgb(146,109,92)",#926D5C
Brown Town,0448A,"rgb(141,91,68)",#8D5B44
Twinkle Toes,0449P,"rgb(211,197,190)",#D3C5BE
Starburst,0450P,"rgb(199,180,169)",#C7B4A9
Rich Glow,0451T,"rgb(185,161,150)",#B9A196
Autumn Wind,0452T,"rgb(174,146,132)",#AE9284
VOLUTE,0453T/A,"rgb(164,131,113)",#A48371
RISE,0454A,"rgb(146,109,87)",#926D57
Charlie Brown,0455A,"rgb(143,94,68)",#8F5E44
Twinkle Lily,0456P,"rgb(212,197,188)",#D4C5BC
Ivory Scrimshaw,0457P,"rgb(199,181,171)",#C7B5AB
Fortissimo,0458T,"rgb(185,161,150)",#B9A196
Casa de Oro,0459T,"rgb(171,145,130)",#AB9182
PECAN NUT,0460A,"rgb(157,127,110)",#9D7F6E
SOFT TAN,0461A,"rgb(147,112,89)",#937059
Soft Suede,0462A,"rgb(142,97,71)",#8E6147
Ballet Cream,0463P,"rgb(210,196,187)",#D2C4BB
Beige Ballad,0464P,"rgb(198,182,171)",#C6B6AB
Hazelnut,0465T,"rgb(185,166,152)",#B9A698
Rock Outcrop,0466T,"rgb(173,150,133)",#AD9685
SUNNY HORIZONS,0467A,"rgb(162,136,115)",#A28873
FORGOTTEN LAND,0468A,"rgb(151,118,92)",#97765C
Brown Suede,0469A,"rgb(143,102,70)",#8F6646
Kind Thoughts,0470P,"rgb(200,185,180)",#C8B9B4
SPICED COGNAC,0471P/T,"rgb(182,165,161)",#B6A5A1
Truffles,0472T,"rgb(165,149,145)",#A59591
Yum Yum,0473T,"rgb(148,131,127)",#94837F
TREVI,0474A,"rgb(133,112,107)",#85706B
PAVILLION TAN,0475A,"rgb(117,94,88)",#755E58
Underground,0476A,"rgb(97,75,71)",#614B47
Lacy Oatmeal,0477P,"rgb(202,187,182)",#CABBB6
TUMBLED STONE,0478P/T,"rgb(180,164,159)",#B4A49F
Travertine,0479T,"rgb(163,147,143)",#A3938F
Elephant Hide,0480T,"rgb(151,133,128)",#978580
LITTLE JOHN,0481A,"rgb(134,113,106)",#86716A
JERICHO BROWN,0482A,"rgb(116,96,90)",#74605A
African Mud,0483A,"rgb(97,75,69)",#614B45
Calico Cat,0484P,"rgb(201,186,179)",#C9BAB3
CAMEL&#39;S HUMP,0485P/T,"rgb(180,166,161)",#B4A6A1
Drifting Sands,0486T,"rgb(168,152,145)",#A89891
Abbeyshire,0487T,"rgb(152,135,129)",#988781
RUTHLESS,0488A,"rgb(134,115,108)",#86736C
ANCIENT SHADOW,0489A,"rgb(117,97,90)",#75615A
Cabin in the Woods,0490A,"rgb(106,85,76)",#6A554C
Bedouin,0491P,"rgb(201,186,179)",#C9BAB3
MONTAIN STONE,0492P/T,"rgb(182,168,163)",#B6A8A3
Urban Affairs,0493T,"rgb(164,148,142)",#A4948E
Paddington Grey,0494T,"rgb(152,134,127)",#98867F
STONE WHALE,0495A,"rgb(136,116,108)",#88746C
OAK TONE,0496A,"rgb(117,96,89)",#756059
Big Bear,0497A,"rgb(103,80,69)",#675045
Beige Whimsy,0498P,"rgb(199,186,180)",#C7BAB4
White Rhino,0499T,"rgb(184,170,162)",#B8AAA2
Stone Garden,0500T,"rgb(166,153,146)",#A69992
BUCKSKIN BROWN,0501T/A,"rgb(152,136,128)",#988880
CHIKADEE,0502A,"rgb(134,116,107)",#86746B
AUTUMN HILLS,0503A,"rgb(121,100,90)",#79645A
Callistoga,0504A,"rgb(105,82,69)",#695245
In the Mood,0505P,"rgb(202,188,181)",#CABCB5
Soldier,0506T,"rgb(179,167,160)",#B3A7A0
Frontier,0507T,"rgb(164,150,142)",#A4968E
Carved Stone,0508T,"rgb(150,135,125)",#96877D
MAPLE TREE,0509A,"rgb(136,119,109)",#88776D
STUCCO WALL,0510A,"rgb(118,99,86)",#766356
Eagle,0511A,"rgb(106,84,71)",#6A5447
Barn Owl,0512P,"rgb(198,185,178)",#C6B9B2
Light Anthill,0513T,"rgb(181,169,160)",#B5A9A0
Cream of Wheat,0514T,"rgb(166,154,145)",#A69A91
STONE STATUE,0515T/A,"rgb(150,136,126)",#96887E
MOSS BANK,0516A,"rgb(134,119,107)",#86776B
SAND ISLAND,0517A,"rgb(119,101,88)",#776558
Chocolate Dream,0518A,"rgb(105,86,71)",#695647
Translucent Lace,0519P,"rgb(236,227,219)",#ECE3DB
Gloworm,0520P,"rgb(242,219,199)",#F2DBC7
Fun by the Sun,0521P,"rgb(247,209,171)",#F7D1AB
Tom Tom,0522T,"rgb(251,197,147)",#FBC593
Jumping Jack,0523T,"rgb(250,187,123)",#FABB7B
SUNSHINE LIZZY,0524A,"rgb(252,176,92)",#FCB05C
Basket of Gold,0525A,"rgb(251,157,58)",#FB9D3A
White Meringue,0526P,"rgb(238,226,214)",#EEE2D6
White Maas,0527P,"rgb(242,222,200)",#F2DEC8
Perky Tint,0528P,"rgb(247,212,172)",#F7D4AC
Phlox Field,0529T,"rgb(252,203,148)",#FCCB94
Summer Memory,0530T,"rgb(252,195,125)",#FCC37D
SUNRISE GLOW,0531A,"rgb(243,177,88)",#F3B158
Yellow Jubilee,0532A,"rgb(250,169,58)",#FAA93A
Lemon Drizzle,0533P,"rgb(238,229,218)",#EEE5DA
Julia,0534P,"rgb(243,224,201)",#F3E0C9
Lemon Sponge Cake,0535P,"rgb(246,214,174)",#F6D6AE
Mellow Glow,0536T,"rgb(247,208,148)",#F7D094
Downy Duckling,0537T,"rgb(246,199,127)",#F6C77F
SUNKISSED,0538A,"rgb(235,182,91)",#EBB65B
Golden Daffodil,0539A,"rgb(246,180,58)",#F6B43A
Meditation,0540P,"rgb(243,237,223)",#F3EDDF
Tell a Tale,0541P,"rgb(246,233,198)",#F6E9C6
Sun Goddess,0542P,"rgb(247,228,184)",#F7E4B8
Dancing Queen,0543T,"rgb(251,221,155)",#FBDD9B
Evening Sun,0544T,"rgb(255,211,126)",#FFD37E
FOREVER YOUNG,0545A,"rgb(255,207,105)",#FFCF69
Energizer,0546A,"rgb(255,188,43)",#FFBC2B
Fragile,0547P,"rgb(239,233,217)",#EFE9D9
Easy Living,0548P,"rgb(248,234,196)",#F8EAC4
MAKE A WISH,0549P/T,"rgb(249,228,171)",#F9E4AB
Remember Me,0550T,"rgb(253,226,152)",#FDE298
As You Are,0551T,"rgb(254,219,127)",#FEDB7F
SEEDS OF GOLD,0552A,"rgb(255,212,98)",#FFD462
New Day,0553A,"rgb(255,201,33)",#FFC921
Lemony Mist,0554P,"rgb(237,230,219)",#EDE6DB
Meadow Yellow,0555P,"rgb(240,225,200)",#F0E1C8
NAMAQUA DAISY,0556P/T,"rgb(248,221,174)",#F8DDAE
Blazing Sun,0557T,"rgb(244,213,147)",#F4D593
LEMON RIND,0558T/A,"rgb(245,205,117)",#F5CD75
PANORAMA LIGHTS,0559A,"rgb(236,191,81)",#ECBF51
Crazy Daisy,0560A,"rgb(245,185,36)",#F5B924
Moon Beam,0561P,"rgb(240,232,221)",#F0E8DD
Rain Slicker,0562P,"rgb(240,227,204)",#F0E3CC
JAMAICA,0563P/T,"rgb(239,221,179)",#EFDDB3
Divina,0564T,"rgb(239,214,158)",#EFD69E
Yellow Balloon,0565T,"rgb(233,204,129)",#E9CC81
LEMON ESSENCE,0566A,"rgb(222,191,97)",#DEBF61
Lavish Lemon,0567A,"rgb(220,186,47)",#DCBA2F
Light Reflection,0568P,"rgb(238,233,223)",#EEE9DF
Muslin Tint,0569P,"rgb(238,230,205)",#EEE6CD
LEMON BUBBLE,0570P/T,"rgb(233,224,181)",#E9E0B5
Citrus Breeze,0571T,"rgb(227,217,159)",#E3D99F
Lemon Tang,0572T,"rgb(218,205,132)",#DACD84
LIME MISS,0573A,"rgb(204,193,101)",#CCC165
Sparkling Lemon Lime,0574A,"rgb(198,177,65)",#C6B141
Frozen Limeade,0575P,"rgb(238,235,223)",#EEEBDF
Silk Cocoon,0576P,"rgb(230,228,205)",#E6E4CD
Hint of Green,0577P,"rgb(221,225,184)",#DDE1B8
Sullivan Hill,0578T,"rgb(209,215,158)",#D1D79E
New Meadow,0579T,"rgb(197,204,133)",#C5CC85
KIWI SALAD,0580A,"rgb(178,189,103)",#B2BD67
Stylish Lime,0581A,"rgb(162,173,71)",#A2AD47
Sparkle Glow,0582P,"rgb(232,221,210)",#E8DDD2
Almond Butter,0583P,"rgb(233,210,190)",#E9D2BE
Butterscotch Glaze,0584P,"rgb(236,201,168)",#ECC9A8
Gold Spun,0585T,"rgb(234,190,149)",#EABE95
Sun Coast,0586T,"rgb(230,175,123)",#E6AF7B
TUSCAN WALL,0587A,"rgb(219,159,96)",#DB9F60
Beeswax Candle,0588A,"rgb(205,139,66)",#CD8B42
Oyster Catcher,0589P,"rgb(230,220,209)",#E6DCD1
Harvest Wreath,0590P,"rgb(232,211,190)",#E8D3BE
He Loves Me,0591P,"rgb(233,201,167)",#E9C9A7
Amarula,0592T,"rgb(228,190,146)",#E4BE92
Turkish Tart,0593T,"rgb(220,177,122)",#DCB17A
GOLDEN SYRUP,0594A,"rgb(211,161,95)",#D3A15F
Millionaire Gold,0595A,"rgb(198,142,64)",#C68E40
Cuttlefish,0596P,"rgb(231,221,211)",#E7DDD3
Ocean Salt,0597P,"rgb(230,212,189)",#E6D4BD
Thatch,0598P,"rgb(228,202,166)",#E4CAA6
Banana Desert,0599T,"rgb(223,190,145)",#DFBE91
Light Butterscotch,0600T,"rgb(220,180,123)",#DCB47B
DESERT DAISY,0601A,"rgb(208,163,95)",#D0A35F
Gold Cadillac,0602A,"rgb(194,148,66)",#C29442
Ivory White,0603P,"rgb(227,219,208)",#E3DBD0
Acacia,0604P,"rgb(229,211,186)",#E5D3BA
Yellow Mystery,0605P,"rgb(227,204,165)",#E3CCA5
Beach Sand Dune,0606T,"rgb(223,197,144)",#DFC590
GLORIOUS GOLD,0607T/A,"rgb(218,187,117)",#DABB75
GOLD FINCH,0608A,"rgb(208,171,90)",#D0AB5A
Grecian Gold,0609A,"rgb(193,152,58)",#C1983A
Happy Ending,0610P,"rgb(227,220,210)",#E3DCD2
Saffron Tint,0611P,"rgb(224,214,189)",#E0D6BD
Pear Fantasy,0612P,"rgb(219,205,169)",#DBCDA9
Glowing Light,0613T,"rgb(214,196,148)",#D6C494
Peak Season,0614T,"rgb(205,186,127)",#CDBA7F
FOOL&#39;S PARADISE,0615A,"rgb(192,170,101)",#C0AA65
Tangy Glow,0616A,"rgb(182,155,71)",#B69B47
Fresh Scent,0617P,"rgb(223,219,207)",#DFDBCF
Spring Sprout,0618P,"rgb(221,214,190)",#DDD6BE
Cream Of Asparagus,0619P,"rgb(213,207,172)",#D5CFAC
Comfortable Lime,0620T,"rgb(207,198,151)",#CFC697
Lime Time,0621T,"rgb(195,186,129)",#C3BA81
LIME JUICE,0622A,"rgb(181,171,102)",#B5AB66
Ageless Lime,0623A,"rgb(166,153,73)",#A69949
Shades of Pale,0624P,"rgb(225,224,212)",#E1E0D4
Georgia on My Mind,0625P,"rgb(213,214,192)",#D5D6C0
Lily Pad Home,0626P,"rgb(203,206,173)",#CBCEAD
Floating Island,0627T,"rgb(191,197,150)",#BFC596
LOVELY GREEN VALLEY,0628T/A,"rgb(177,183,125)",#B1B77D
GREEN HEART,0629A,"rgb(158,167,102)",#9EA766
Banana Leaf,0630A,"rgb(140,150,75)",#8C964B
Pale Linen,0631P,"rgb(220,208,197)",#DCD0C5
Palest Blossom,0632P,"rgb(213,191,173)",#D5BFAD
Pretzel,0633T,"rgb(207,178,155)",#CFB29B
Summer&#39;s Wheat,0634T,"rgb(200,167,134)",#C8A786
RUSSO GOLD,0635A,"rgb(186,149,110)",#BA956E
BLUE GUM HONEY,0636A,"rgb(180,134,89)",#B48659
Spanish Gold,0637A,"rgb(171,122,72)",#AB7A48
Delicate White,0638P,"rgb(219,208,196)",#DBD0C4
Bleached Baobab,0639P,"rgb(214,193,174)",#D6C1AE
Dry Gold,0640T,"rgb(203,179,154)",#CBB39A
Pale Honey,0641T,"rgb(198,168,133)",#C6A885
FUZZY DUCK,0642A,"rgb(185,152,111)",#B9986F
GOLD TWEED,0643A,"rgb(175,138,89)",#AF8A59
Golden Harvest,0644A,"rgb(166,126,73)",#A67E49
Ivory Snow,0645P,"rgb(220,210,197)",#DCD2C5
Springbok Chest,0646P,"rgb(213,196,177)",#D5C4B1
Organdy,0647T,"rgb(204,184,157)",#CCB89D
Clover Honey,0648T,"rgb(192,169,136)",#C0A988
EGOLI,0649A,"rgb(181,153,110)",#B5996E
SEA POINT,0650A,"rgb(174,142,92)",#AE8E5C
Bag &#39;O Gold,0651A,"rgb(161,130,73)",#A18249
Afternoon Shower,0652P,"rgb(220,211,198)",#DCD3C6
My Magnolia,0653P,"rgb(213,198,177)",#D5C6B1
River Reeds,0654T,"rgb(201,183,153)",#C9B799
Sweet Angelica,0655T,"rgb(197,174,134)",#C5AE86
MONEY TREE,0656A,"rgb(184,160,110)",#B8A06E
Colonial Yellow,0657A,"rgb(173,144,83)",#AD9053
Wanda,0658A,"rgb(165,133,63)",#A5853F
Sheepish,0659P,"rgb(219,213,201)",#DBD5C9
Parmesan Sauce,0660P,"rgb(210,198,178)",#D2C6B2
Acid Washed,0661T,"rgb(198,186,158)",#C6BA9E
Glime,0662T,"rgb(182,170,134)",#B6AA86
GOLDEN LAKE,0663A,"rgb(171,158,114)",#AB9E72
ECO TERRA,0664A,"rgb(160,143,92)",#A08F5C
Grassy Knoll,0665A,"rgb(153,129,69)",#998145
Swan Hills,0666P,"rgb(220,213,200)",#DCD5C8
Fragrant Day,0667P,"rgb(203,198,179)",#CBC6B3
Mount Pearl,0668T,"rgb(190,185,158)",#BEB99E
Yuma Gold,0669T,"rgb(182,175,139)",#B6AF8B
GREEN GOLD,0670A,"rgb(165,158,114)",#A59E72
KALAMKARI,0671A,"rgb(151,142,94)",#978E5E
Green with Envy,0672A,"rgb(143,135,73)",#8F8749
Tiny Bubbles,0673P,"rgb(213,212,198)",#D5D4C6
Good Green Tea,0674P,"rgb(197,198,179)",#C5C6B3
Phantom Moss,0675T,"rgb(179,183,154)",#B3B79A
Cape Moss,0676T,"rgb(166,169,136)",#A6A988
ALOE LEAF,0677A,"rgb(152,157,115)",#989D73
DISTANT TREES,0678A,"rgb(138,143,94)",#8A8F5E
Crack Willow,0679A,"rgb(125,130,72)",#7D8248
Incan Treasure,0680P,"rgb(212,200,190)",#D4C8BE
Country Mushroom,0681P,"rgb(197,184,172)",#C5B8AC
Brocade Silk,0682T,"rgb(182,166,152)",#B6A698
Bushbuck,0683T,"rgb(175,155,137)",#AF9B89
HAYSEED,0684A,"rgb(161,137,115)",#A18973
TEA COOKIE,0685A,"rgb(152,122,94)",#987A5E
Whispering Birch,0686A,"rgb(138,104,71)",#8A6847
Veldrift,0687P,"rgb(212,201,190)",#D4C9BE
Stone Wash,0688P,"rgb(197,184,172)",#C5B8AC
Waxen Tint,0689T,"rgb(184,168,152)",#B8A898
Old Cobblestone,0690T,"rgb(171,154,133)",#AB9A85
GOLD ESTATE,0691A,"rgb(161,140,115)",#A18C73
OCHRE RUST,0692A,"rgb(145,119,90)",#91775A
Rich Rewards,0693A,"rgb(135,107,71)",#876B47
Ivory Parchment,0694P,"rgb(210,201,188)",#D2C9BC
IVORY RIDGE,0695P/T,"rgb(196,185,172)",#C4B9AC
Beach Wood,0696T,"rgb(181,168,151)",#B5A897
Pale Yarrow,0697T,"rgb(168,153,133)",#A89985
WACKY KHAKI,0698A,"rgb(157,141,116)",#9D8D74
COIN PURSE,0699A,"rgb(143,124,96)",#8F7C60
Gold Olive,0700A,"rgb(132,111,79)",#846F4F
Resplendent,0701P,"rgb(205,198,187)",#CDC6BB
LIGHTNING,0702P/T,"rgb(195,185,170)",#C3B9AA
Bright Idea,0703T,"rgb(180,168,149)",#B4A895
Rutherford,0704T,"rgb(171,159,136)",#AB9F88
HIGH PRAIRIE,0705A,"rgb(156,141,113)",#9C8D71
PARADISE HILL,0706A,"rgb(144,127,92)",#907F5C
Mount Olive,0707A,"rgb(139,120,81)",#8B7851
French Chartreuse,0708P,"rgb(208,202,190)",#D0CABE
MOSAIC,0709P/T,"rgb(193,186,172)",#C1BAAC
Antique Linen,0710T,"rgb(179,172,155)",#B3AC9B
Abbeystone,0711T,"rgb(166,158,137)",#A69E89
SECRET PLACE,0712A,"rgb(152,142,116)",#988E74
URBAN CHARM,0713A,"rgb(136,126,95)",#887E5F
Rocking Mountain,0714A,"rgb(127,112,75)",#7F704B
Clarens Stone,0715P,"rgb(204,201,189)",#CCC9BD
FADES IN THE AIR,0716P/T,"rgb(192,187,173)",#C0BBAD
Veridiana,0717T,"rgb(178,172,155)",#B2AC9B
Dune Grass,0718T,"rgb(162,157,136)",#A29D88
SALVADOR,0719A,"rgb(144,140,114)",#908C72
BABY SPROUT,0720A,"rgb(134,128,98)",#868062
Frog Pond,0721A,"rgb(118,113,73)",#767149
Pale Thyme,0722P,"rgb(203,199,186)",#CBC7BA
MAJESTIC BEAUTY,0723P/T,"rgb(183,184,169)",#B7B8A9
Clover Patch,0724T,"rgb(171,170,152)",#ABAA98
MANITOBA MAGIC,0725T/A,"rgb(151,153,133)",#979985
WILLOW LEAF BAY,0726A,"rgb(135,136,111)",#87886F
Lucky Four Leaf,0727A,"rgb(122,122,93)",#7A7A5D
Monster Green,0728A,"rgb(108,108,72)",#6C6C48
DAPHNE&#39;S DREAM,0729P,"rgb(200,188,180)",#C8BCB4
Cement Wash,0730T,"rgb(182,171,162)",#B6ABA2
Maison Blanche,0731T,"rgb(164,152,143)",#A4988F
BABY ELEPHANT,0732T/A,"rgb(150,137,128)",#968980
MADONNA CITY,0733A,"rgb(133,119,108)",#85776C
DUNG BEETLE,0734A,"rgb(120,105,91)",#78695B
Mother Earth,0735A,"rgb(105,87,71)",#695747
ARTIST&#39;S CANVAS,0736P,"rgb(199,189,181)",#C7BDB5
Soap Bubble,0737T,"rgb(179,170,160)",#B3AAA0
Bauhaus,0738T,"rgb(162,152,142)",#A2988E
TOUCHSTONE,0739T/A,"rgb(149,138,127)",#958A7F
MOSS GOLD,0740A,"rgb(134,123,110)",#867B6E
HIDE N SEEK,0741A,"rgb(116,103,90)",#74675A
Mud Bath,0742A,"rgb(105,88,71)",#695847
Fresh Linen,0743P,"rgb(197,188,178)",#C5BCB2
Ageless,0744T,"rgb(181,172,163)",#B5ACA3
Hollyhock,0745T,"rgb(161,152,142)",#A1988E
CORINTHIAN PILLAR,0746T/A,"rgb(147,138,127)",#938A7F
DIRTY KHAKI,0747A,"rgb(128,119,107)",#80776B
Walking Stick,0748A,"rgb(116,106,91)",#746A5B
Jungle Pride,0749A,"rgb(102,91,73)",#665B49
Evasive White,0750P,"rgb(198,191,180)",#C6BFB4
Houri,0751T,"rgb(178,171,161)",#B2ABA1
Samovar,0752T,"rgb(165,157,145)",#A59D91
MARSHY HABITAT,0753T/A,"rgb(145,138,126)",#918A7E
PASSAGE WAY,0754A,"rgb(131,122,108)",#837A6C
Hideout,0755A,"rgb(117,107,89)",#756B59
Ranchero,0756A,"rgb(103,92,70)",#675C46
Amazon Mist,0757P,"rgb(195,190,179)",#C3BEB3
Castle Stone,0758T,"rgb(176,170,160)",#B0AAA0
Whishing Well,0759T,"rgb(160,155,144)",#A09B90
LONDON HAZE,0760T/A,"rgb(144,139,126)",#908B7E
STARLIGHT EXPRESS,0761A,"rgb(128,123,110)",#807B6E
Petrified Forest,0762A,"rgb(114,106,91)",#726A5B
Sea Weed Wrap,0763A,"rgb(100,89,69)",#645945
MOTH MIST,0764P/T,"rgb(191,188,178)",#BFBCB2
Aged Aloe,0765T,"rgb(172,171,159)",#ACAB9F
Butterfly Wing,0766T,"rgb(160,157,146)",#A09D92
SPEAK TO ME,0767T/A,"rgb(141,137,125)",#8D897D
JUNGLE DREAM,0768A,"rgb(124,121,107)",#7C796B
Moss Island,0769A,"rgb(108,106,92)",#6C6A5C
Olive Stone,0770A,"rgb(93,87,68)",#5D5744
Bleached Meadow,0771P,"rgb(193,192,180)",#C1C0B4
Mallorca,0772T,"rgb(174,174,162)",#AEAEA2
Mirrowed Willow,0773T,"rgb(156,157,146)",#9C9D92
PLEASANT HILL,0774T/A,"rgb(139,140,129)",#8B8C81
PALM SPRINGS,0775A,"rgb(121,123,111)",#797B6F
Wood Shadow,0776A,"rgb(103,105,90)",#67695A
Knysna Forest,0777A,"rgb(89,90,74)",#595A4A
Sweet Spring,0778P,"rgb(221,229,211)",#DDE5D3
Mint Whisper,0779P,"rgb(223,231,207)",#DFE7CF
Delicious,0780P,"rgb(207,222,185)",#CFDEB9
De-Lovely,0781T,"rgb(191,211,160)",#BFD3A0
Divine Green,0782T,"rgb(173,202,136)",#ADCA88
CITRUS SPLASH,0783A,"rgb(153,186,107)",#99BA6B
Daring Lime,0784A,"rgb(130,169,74)",#82A94A
Snow Green,0785P,"rgb(230,234,223)",#E6EADF
Whispy Mint,0786P,"rgb(215,230,209)",#D7E6D1
Bay Green,0787P,"rgb(201,226,191)",#C9E2BF
Isle of Green,0788T,"rgb(177,212,168)",#B1D4A8
Belladonna Green,0789T,"rgb(154,200,144)",#9AC890
GREEN LIGHT GO,0790A,"rgb(129,180,112)",#81B470
Granny Apple,0791A,"rgb(101,163,84)",#65A354
Baby Mint,0792P,"rgb(226,234,222)",#E2EADE
Tender Shoots,0793P,"rgb(211,230,212)",#D3E6D4
Misty Meadow,0794P,"rgb(187,223,194)",#BBDFC2
Green Jubilee,0795T,"rgb(166,211,174)",#A6D3AE
Totally Cool,0796T,"rgb(135,195,149)",#87C395
SLEEPY VILLAGE,0797A,"rgb(106,176,124)",#6AB07C
Jungle,0798A,"rgb(69,156,93)",#459C5D
Minty,0799P,"rgb(229,233,222)",#E5E9DE
Mint Ice Cream,0800P,"rgb(209,231,217)",#D1E7D9
Silky Mint,0801P,"rgb(181,222,199)",#B5DEC7
Cool Spring,0802T,"rgb(152,209,180)",#98D1B4
Refresh,0803T,"rgb(119,191,157)",#77BF9D
PALM FROND,0804A,"rgb(83,172,131)",#53AC83
Golf Greens,0805A,"rgb(34,147,102)",#229366
Sweet Ariel,0806P,"rgb(226,234,226)",#E2EAE2
Island Breeze,0807P,"rgb(207,231,220)",#CFE7DC
Eastern Wind,0808P,"rgb(177,220,205)",#B1DCCD
Green Bubbles,0809T,"rgb(142,206,190)",#8ECEBE
Happy Tone,0810T,"rgb(110,194,172)",#6EC2AC
AQUA WATERS,0811A,"rgb(62,171,147)",#3EAB93
Mayor Green,0812A,"rgb(0,145,119)",#009177
Diomede,0813P,"rgb(227,235,228)",#E3EBE4
Light Blue Green,0814P,"rgb(204,230,223)",#CCE6DF
Surf&#39;s Surprise,0815P,"rgb(172,222,213)",#ACDED5
Aqua Pool,0816T,"rgb(138,209,199)",#8AD1C7
Bethany Green,0817T,"rgb(99,191,180)",#63BFB4
CABANA,0818A,"rgb(45,171,160)",#2DABA0
Teal Tide,0819A,"rgb(0,148,135)",#009487
Arctic Glacier,0820P,"rgb(222,233,230)",#DEE9E6
Gen Teal,0821P,"rgb(201,229,226)",#C9E5E2
Turquoise Sky,0822P,"rgb(170,220,216)",#AADCD8
OCEAN MOTION,0823P/T,"rgb(138,208,207)",#8AD0CF
Ocean Jewel,0824T,"rgb(105,193,194)",#69C1C2
CARIBBEAN SEA,0825A,"rgb(22,167,171)",#16A7AB
Paradiso,0826A,"rgb(0,143,145)",#008F91
Hint of White,0827P,"rgb(221,224,211)",#DDE0D3
Absolutely,0828P,"rgb(209,218,195)",#D1DAC3
Countour Green,0829P,"rgb(193,206,173)",#C1CEAD
Scent of Pine,0830T,"rgb(179,195,151)",#B3C397
GARDEN BY MOONLIGHT,0831T/A,"rgb(161,182,130)",#A1B682
MAIDEN GRASS,0832A,"rgb(138,164,107)",#8AA46B
Just About Green,0833A,"rgb(121,148,75)",#79944B
Delicate Vine Leaf,0834P,"rgb(219,225,213)",#DBE1D5
Cactus Pete,0835P,"rgb(202,218,197)",#CADAC5
ALOE VERA LEAF,0836P/T,"rgb(185,207,178)",#B9CFB2
Aspen Meadow,0837T,"rgb(165,196,160)",#A5C4A0
CYPRUS BREEZE,0838T/A,"rgb(149,181,138)",#95B58A
IRISH HILLS,0839A,"rgb(124,164,113)",#7CA471
Green Mumba,0840A,"rgb(99,141,82)",#638D52
Garden Scent,0841P,"rgb(217,228,218)",#D9E4DA
Greenland,0842P,"rgb(198,219,202)",#C6DBCA
CREAMY CUCUMBER,0843P/T,"rgb(178,206,182)",#B2CEB6
New Beginnings,0844T,"rgb(153,192,163)",#99C0A3
Village,0845T,"rgb(135,179,143)",#87B38F
FULL OF BLARNEY,0846A,"rgb(104,162,120)",#68A278
Garland Green,0847A,"rgb(77,138,88)",#4D8A58
Daiquiri Cream,0848P,"rgb(214,226,216)",#D6E2D8
Mint Touch,0849P,"rgb(191,214,201)",#BFD6C9
Cool Watercress,0850P,"rgb(172,207,190)",#ACCFBE
Clover Tint,0851T,"rgb(146,193,171)",#92C1AB
Wildness Mint,0852T,"rgb(121,176,148)",#79B094
SPRING FROG,0853A,"rgb(95,155,124)",#5F9B7C
Flower Stem,0854A,"rgb(50,131,96)",#328360
Snow Maiden,0855P,"rgb(211,224,218)",#D3E0DA
Cape May,0856P,"rgb(191,218,209)",#BFDAD1
Blue Retreat,0857P,"rgb(162,204,192)",#A2CCC0
Zenith Teal,0858T,"rgb(136,190,176)",#88BEB0
KEY WEST,0859T/A,"rgb(108,174,157)",#6CAE9D
HEADWATERS,0860A,"rgb(79,153,135)",#4F9987
Barbados Bay,0861A,"rgb(16,132,110)",#10846E
Micromint,0862P,"rgb(213,226,222)",#D5E2DE
Sparkling Water,0863P,"rgb(188,217,212)",#BCD9D4
Teal Bubble,0864P,"rgb(164,204,198)",#A4CCC6
Himalaya Sky,0865T,"rgb(139,191,183)",#8BBFB7
Drifting Tide,0866T,"rgb(105,175,168)",#69AFA8
GREEN SWEEP,0867A,"rgb(66,154,145)",#429A91
Scuba Duba,0868A,"rgb(6,130,119)",#068277
California&#39;s Dreaming,0869P,"rgb(213,227,224)",#D5E3E0
Pastel Tint,0870P,"rgb(189,213,210)",#BDD5D2
Misted Aqua,0871P,"rgb(157,203,202)",#9DCBCA
IMPRESSIONIST&#39;S SKY,0872T,"rgb(136,192,191)",#88C0BF
Mermaid Jewel,0873T,"rgb(102,176,175)",#66B0AF
SEA GARDEN,0874A,"rgb(64,154,155)",#409A9B
Bay Bridge,0875A,"rgb(0,132,132)",#008484
Desert Spring,0876P,"rgb(207,211,198)",#CFD3C6
Fortune’s Prize,0877P,"rgb(190,197,178)",#BEC5B2
Just Kiwi,0878T,"rgb(175,184,158)",#AFB89E
Time and Again,0879T,"rgb(155,167,135)",#9BA787
CHIC SHADE,0880A,"rgb(138,153,116)",#8A9974
Greenwich,0881A,"rgb(123,141,96)",#7B8D60
Mulberry Leaf,0882A,"rgb(111,129,84)",#6F8154
Translucent Vision,0883P,"rgb(204,213,201)",#CCD5C9
COMING MY WAY,0884P/T,"rgb(181,196,179)",#B5C4B3
NATURE&#39;S ABUNDANCE,0885T,"rgb(162,182,160)",#A2B6A0
PRAIRIE SPLENDOR,0886T/A,"rgb(146,167,140)",#92A78C
ORNAMENTAL GARDENS,0887A,"rgb(128,152,120)",#809878
Squaw Valley,0888A,"rgb(109,138,102)",#6D8A66
DRAGON&#39;S HIDE,0889A,"rgb(94,124,80)",#5E7C50
Touch of Spring,0890P,"rgb(203,215,204)",#CBD7CC
SERENE OASIS,0891P/T,"rgb(179,198,183)",#B3C6B7
Her Duchess,0892T,"rgb(159,183,164)",#9FB7A4
PERENNIAL,0893T/A,"rgb(136,165,142)",#88A58E
GREEN SHRUB,0894A,"rgb(116,151,124)",#74977C
Ground Cover,0895A,"rgb(97,134,103)",#618667
Hollyhock Garden,0896A,"rgb(73,121,84)",#497954
Rainforest Dew,0897P,"rgb(201,214,206)",#C9D6CE
TRANSCENDENT,0898P/T,"rgb(179,199,188)",#B3C7BC
Terrace Green,0899T,"rgb(150,180,165)",#96B4A5
ASPEN FOREST,0900T/A,"rgb(128,164,147)",#80A493
CYPRUS GARDEN,0901A,"rgb(105,146,127)",#69927F
Caring Land,0902A,"rgb(81,129,106)",#51816A
HUNTER&#39;S PRAIRIE,0903A,"rgb(59,113,86)",#3B7156
Wintergreen Mist,0904P,"rgb(199,215,210)",#C7D7D2
POWDERED FERN,0905P/T,"rgb(169,196,189)",#A9C4BD
Rolling Hills,0906T,"rgb(147,180,172)",#93B4AC
Lazy Day,0907T,"rgb(124,163,152)",#7CA398
PLEASANT PASTURE,0908A,"rgb(103,146,135)",#679287
Green Maiden,0909A,"rgb(76,130,116)",#4C8274
Jungle Book,0910A,"rgb(51,113,97)",#337161
Mediterranean Mist,0911P,"rgb(199,217,213)",#C7D9D5
OCEAN MIST,0912P/T,"rgb(172,198,194)",#ACC6C2
Evening Stroll,0913T,"rgb(146,180,174)",#92B4AE
YOU&#39;RE A STAR,0914T,"rgb(122,166,161)",#7AA6A1
STAIRWAY TO HEAVEN,0915A,"rgb(98,147,141)",#62938D
Peggy&#39;s Cove,0916A,"rgb(70,132,125)",#46847D
Caribbean Current,0917A,"rgb(34,113,105)",#227169
West Coast Mist,0918P,"rgb(197,214,212)",#C5D6D4
AQUA PURA,0919P/T,"rgb(167,197,196)",#A7C5C4
Singing in the Rain,0920T,"rgb(145,180,180)",#91B4B4
Lighthouse View,0921T,"rgb(119,163,164)",#77A3A4
INTO THE MYSTIC,0922A,"rgb(95,148,147)",#5F9493
WAVE CREST,0923A,"rgb(69,131,132)",#458384
More Oceans,0924A,"rgb(33,115,116)",#217374
Irish Touch,0925P,"rgb(197,201,188)",#C5C9BC
MINI GREEN,0926P/T,"rgb(180,186,171)",#B4BAAB
Touch of Mint,0927T,"rgb(163,171,154)",#A3AB9A
CITY OF GREEN,0928T/A,"rgb(147,156,136)",#939C88
SPRING FOREST,0929A,"rgb(131,139,115)",#838B73
Scottish Summer,0930A,"rgb(113,123,96)",#717B60
Juniper Forest,0931A,"rgb(100,108,74)",#646C4A
Shutter Green,0932P,"rgb(196,203,191)",#C4CBBF
MINT JULIP,0933P/T,"rgb(176,186,171)",#B0BAAB
Green Moor,0934T,"rgb(157,169,154)",#9DA99A
NEW LAWN,0935T/A,"rgb(139,153,136)",#8B9988
COOL GRASS,0936A,"rgb(121,135,114)",#798772
Western Meadow,0937A,"rgb(104,121,96)",#687960
Majestic Mountain,0938A,"rgb(84,105,76)",#54694C
Filtered Forest,0939P,"rgb(190,203,192)",#BECBC0
GRACEFUL GREEN,0940P/T,"rgb(170,183,172)",#AAB7AC
Camille,0941T,"rgb(151,168,156)",#97A89C
KELLY KEY,0942T/A,"rgb(135,152,138)",#87988A
CHEERFUL GREEN,0943A,"rgb(112,133,116)",#708574
Jumping Jiminy,0944A,"rgb(96,120,100)",#607864
Conifer,0945A,"rgb(77,103,80)",#4D6750
Gentle Caress,0946P,"rgb(191,206,197)",#BFCEC5
HINT OF MINT,0947P/T,"rgb(167,184,176)",#A7B8B0
Rain Puddle,0948T,"rgb(147,167,156)",#93A79C
SHADY,0949T/A,"rgb(129,150,139)",#81968B
GREEN SONG,0950A,"rgb(108,134,120)",#6C8678
Forest Found,0951A,"rgb(89,118,103)",#597667
Vineyard Green,0952A,"rgb(70,102,85)",#466655
Jade Glow,0953P,"rgb(190,205,198)",#BECDC6
TEAL TOWER,0954P/T,"rgb(166,184,179)",#A6B8B3
Two for Teal,0955T,"rgb(148,169,164)",#94A9A4
BLEU VERTE,0956T/A,"rgb(125,151,145)",#7D9791
MISTY MAGIC,0957A,"rgb(106,135,128)",#6A8780
Abbey Garden,0958A,"rgb(85,117,107)",#55756B
Emerald Shimmer,0959A,"rgb(60,99,88)",#3C6358
Seafoam Mist,0960P,"rgb(187,203,200)",#BBCBC8
Aqua Dream,0961T,"rgb(162,182,180)",#A2B6B4
Sea Sphinx,0962T,"rgb(143,167,165)",#8FA7A5
ABSTRACT AQUA,0963T/A,"rgb(124,149,145)",#7C9591
WATERY SEA,0964A,"rgb(99,131,127)",#63837F
Worn Sea Glass,0965A,"rgb(82,117,112)",#527570
Deep Sea Dive,0966A,"rgb(56,100,95)",#38645F
Bali Bay,0967P,"rgb(188,207,206)",#BCCFCE
TUMBLING WATERFALLS,0968P/T,"rgb(163,185,186)",#A3B9BA
Filtered Aqua,0969T,"rgb(142,168,167)",#8EA8A7
Smooth Waters,0970T,"rgb(124,150,150)",#7C9696
SEA LYRIC,0971A,"rgb(100,134,134)",#648686
Regatta Race,0972A,"rgb(80,117,118)",#507576
Sea Quarry,0973A,"rgb(55,101,102)",#376566
White Opal,0974P,"rgb(185,189,178)",#B9BDB2
Cloverdale,0975T,"rgb(167,172,163)",#A7ACA3
MIDLAND&#39;S MARSH,0976T,"rgb(152,156,145)",#989C91
OCEAN GROTTO,0977A,"rgb(134,139,127)",#868B7F
GREEN FOG,0978A,"rgb(114,120,108)",#72786C
Garden Hedge,0979A,"rgb(97,104,89)",#616859
Garden Seat,0980A,"rgb(84,90,73)",#545A49
Cucumber Flesh,0981P,"rgb(186,194,185)",#BAC2B9
Dried Mint,0982T,"rgb(163,171,162)",#A3ABA2
Briar Green,0983T,"rgb(146,156,146)",#929C92
DILLY,0984A,"rgb(125,136,126)",#7D887E
ALLIGATOR,0985A,"rgb(111,121,110)",#6F796E
Olive,0986A,"rgb(95,105,91)",#5F695B
Deep Dragon,0987A,"rgb(78,87,72)",#4E5748
Petite White,0988P,"rgb(183,193,184)",#B7C1B8
Evening Glade,0989T,"rgb(161,171,164)",#A1ABA4
Elfin Magic,0990T,"rgb(144,157,149)",#909D95
GREEN STONE,0991T/A,"rgb(125,138,129)",#7D8A81
FEATHER FERNS,0992A,"rgb(110,119,110)",#6E776E
Moss Touch,0993A,"rgb(89,101,91)",#59655B
Jungle Adventure,0994A,"rgb(72,86,74)",#48564A
Aqueous,0995P,"rgb(181,194,187)",#B5C2BB
Tingle Green,0996T,"rgb(156,171,165)",#9CABA5
Maison Verte,0997T,"rgb(144,156,150)",#909C96
MISTY MOUNTAIN,0998T/A,"rgb(121,136,130)",#798882
MOHALA,0999A,"rgb(105,120,114)",#697872
Octavius,1000A,"rgb(87,103,96)",#576760
Mount Everest,1001A,"rgb(69,85,75)",#45554B
Crystal Ball,1002P,"rgb(177,192,187)",#B1C0BB
Silent Sea,1003T,"rgb(159,173,168)",#9FADA8
Julianne Jade,1004T,"rgb(140,157,153)",#8C9D99
EVENING GRASS,1005T/A,"rgb(118,136,131)",#768883
RIDGE,1006A,"rgb(101,119,114)",#657772
Night Whisper,1007A,"rgb(89,104,100)",#596864
Monsoon Lagoon,1008A,"rgb(65,86,80)",#415650
Sea Ghost,1009P,"rgb(175,192,189)",#AFC0BD
Ocean Fog,1010T,"rgb(157,173,172)",#9DADAC
Spruce,1011T,"rgb(137,156,155)",#899C9B
GARDEN CITY,1012A,"rgb(119,136,135)",#778887
GARDEN SHADE,1013A,"rgb(101,118,116)",#657674
Rogue,1014A,"rgb(83,102,100)",#536664
Amazon Jungle,1015A,"rgb(64,83,79)",#40534F
Slate Tint,1016P,"rgb(175,191,191)",#AFBFBF
Drifting Skies,1017T,"rgb(157,173,173)",#9DADAD
Grenville,1018T,"rgb(136,154,155)",#889A9B
MAUI BEACH,1019T/A,"rgb(118,135,136)",#768788
DISTANT STORM,1020A,"rgb(100,118,118)",#647676
NIGHT&#39;S DELIGHT,1021A,"rgb(80,100,100)",#506464
Cape Cliffs,1022A,"rgb(63,82,82)",#3F5252
Diamond White,1023P,"rgb(222,230,228)",#DEE6E4
Swandive,1024P,"rgb(198,225,224)",#C6E1E0
Single Feather,1025P,"rgb(165,214,217)",#A5D6D9
WHAT AN ISPIRATION,1026P/T,"rgb(135,204,212)",#87CCD4
Granada Bay,1027T,"rgb(100,190,201)",#64BEC9
NEON BLUE,1028A,"rgb(45,168,182)",#2DA8B6
Galaxy Blue,1029A,"rgb(0,140,157)",#008C9D
Captivate,1030P,"rgb(217,229,228)",#D9E5E4
Niblet,1031P,"rgb(199,224,226)",#C7E0E2
Soft Sail,1032P,"rgb(169,214,224)",#A9D6E0
BLUE BOTTLE BLUE,1033P/T,"rgb(138,203,219)",#8ACBDB
Golden Rain,1034T,"rgb(105,187,204)",#69BBCC
SPORTY BLUE,1035A,"rgb(51,161,185)",#33A1B9
Triumph Blue,1036A,"rgb(0,139,167)",#008BA7
DIAMOND STUD,1037P,"rgb(217,227,228)",#D9E3E4
Snowshow,1038P,"rgb(202,224,228)",#CAE0E4
Blue Bells,1039P,"rgb(180,215,228)",#B4D7E4
BLUE WING,1040P/T,"rgb(143,202,222)",#8FCADE
Blue for You,1041T,"rgb(109,185,212)",#6DB9D4
ANGELA BAY,1042T/A,"rgb(59,163,195)",#3BA3C3
Monet Magic,1043A,"rgb(0,136,172)",#0088AC
Heavenly Dew,1044P,"rgb(218,226,227)",#DAE2E3
Fern Tip,1045P,"rgb(201,221,227)",#C9DDE3
ATHENA&#39;S DREAM,1046P,"rgb(178,211,227)",#B2D3E3
SURFING SARAH,1047P/T,"rgb(148,199,222)",#94C7DE
Cullen Cove,1048T,"rgb(112,181,212)",#70B5D4
DAVEY WAVEY,1049T/A,"rgb(63,160,197)",#3FA0C5
Pristine Blue,1050A,"rgb(0,129,174)",#0081AE
Sheer Green,1051P,"rgb(220,226,228)",#DCE2E4
Powdered Blue,1052P,"rgb(204,221,228)",#CCDDE4
Mamello,1053P,"rgb(182,209,226)",#B6D1E2
Blue Sky,1054P,"rgb(153,197,224)",#99C5E0
Blue Bay,1055T,"rgb(121,181,217)",#79B5D9
DYLAN#S BLUE,1056A,"rgb(70,151,195)",#4697C3
North Sea,1057A,"rgb(0,123,173)",#007BAD
Cloud Number Nine,1058P,"rgb(218,223,226)",#DADFE2
Blue Bliss,1059P,"rgb(210,219,227)",#D2DBE3
Sheila&#39;s Promise,1060P,"rgb(182,204,225)",#B6CCE1
PERIWINKLE PALACE,1061P/T,"rgb(158,188,220)",#9EBCDC
Greensheen,1062T,"rgb(122,165,205)",#7AA5CD
LOVE BIRD,1063T/A,"rgb(85,143,193)",#558FC1
Greek Island,1064A,"rgb(37,115,172)",#2573AC
Tiny Leaf,1065P,"rgb(219,222,226)",#DBDEE2
Snow Iris,1066P,"rgb(208,215,226)",#D0D7E2
China Cup,1067P,"rgb(190,203,225)",#BECBE1
DUTCH CROCUS,1068P/T,"rgb(164,184,220)",#A4B8DC
Eyes of Iris,1069T,"rgb(137,164,208)",#89A4D0
BLUE VIOLET RAY,1070T/A,"rgb(98,135,190)",#6287BE
Saphire,1071A,"rgb(55,106,165)",#376AA5
Prism,1072P,"rgb(206,222,220)",#CEDEDC
Pottery Blue,1073P,"rgb(185,215,216)",#B9D7D8
Mystic Fog,1074P,"rgb(162,205,208)",#A2CDD0
Luna Moona,1075T,"rgb(129,188,194)",#81BCC2
Azurean Sea,1076T,"rgb(103,173,181)",#67ADB5
NOBLE BLUE,1077A,"rgb(63,152,163)",#3F98A3
Tuscana Blue,1078A,"rgb(0,123,135)",#007B87
Fluid White,1079P,"rgb(210,224,225)",#D2E0E1
Hidden Stream,1080P,"rgb(184,211,217)",#B8D3D9
Apple Cut,1081P,"rgb(164,201,210)",#A4C9D2
Lime Freeze,1082T,"rgb(133,186,199)",#85BAC7
Luxor,1083T,"rgb(102,171,187)",#66ABBB
MILANO BLUE,1084A,"rgb(60,148,167)",#3C94A7
Indo Grotto,1085A,"rgb(0,126,148)",#007E94
Atmosphere,1086P,"rgb(211,222,225)",#D3DEE1
Bird&#39;s Egg,1087P,"rgb(185,210,219)",#B9D2DB
Tropic Breeze,1088P,"rgb(165,201,214)",#A5C9D6
New Pier,1089T,"rgb(140,188,206)",#8CBCCE
Inuendo,1090T,"rgb(113,169,191)",#71A9BF
WINTER STORM,1091A,"rgb(70,145,172)",#4691AC
Clouded Cover,1092A,"rgb(9,124,152)",#097C98
Windstar,1093P,"rgb(211,222,225)",#D3DEE1
Dreamcacther,1094P,"rgb(189,210,218)",#BDD2DA
Shallot Peel,1095P,"rgb(165,197,212)",#A5C5D4
Southwest Sky,1096T,"rgb(136,182,203)",#88B6CB
Pisces,1097T,"rgb(110,165,191)",#6EA5BF
DREW,1098A,"rgb(75,143,172)",#4B8FAC
North Beach,1099A,"rgb(24,117,152)",#187598
Whimsical White,1100P,"rgb(209,219,224)",#D1DBE0
Jasmine Scent,1101P,"rgb(192,210,221)",#C0D2DD
JAMAICA,1102P,"rgb(168,196,215)",#A8C4D7
Spa Bleu,1103T,"rgb(143,180,205)",#8FB4CD
Slender Stem,1104T,"rgb(116,161,190)",#74A1BE
STORMY BAY,1105A,"rgb(82,137,174)",#5289AE
Atlantic Beach,1106A,"rgb(35,110,152)",#236E98
Bells in the Snow,1107P,"rgb(217,224,229)",#D9E0E5
Space Box,1108P,"rgb(194,208,222)",#C2D0DE
Bellaggio Blue,1109P,"rgb(174,194,215)",#AEC2D7
Velvet Coast,1110T,"rgb(149,175,204)",#95AFCC
Ocean Drive,1111T,"rgb(123,156,191)",#7B9CBF
WINDBLOWN,1112A,"rgb(91,132,173)",#5B84AD
Lapis Blue,1113A,"rgb(51,104,149)",#336895
Mineral Water,1114P,"rgb(217,218,226)",#D9DAE2
Fern Wilt,1115P,"rgb(201,209,224)",#C9D1E0
Cool Idea,1116P,"rgb(178,190,215)",#B2BED7
CHARLIE,1117P/T,"rgb(155,171,201)",#9BABC9
Blue Dale,1118T,"rgb(131,152,190)",#8398BE
DOVER CLIFFS,1119A,"rgb(98,125,167)",#627DA7
Deep Sea Reef,1120A,"rgb(63,96,144)",#3F6090
Amenity,1121P,"rgb(193,213,214)",#C1D5D6
Lazy Afternoon,1122P,"rgb(171,196,198)",#ABC4C6
Lake Placid,1123T,"rgb(138,176,181)",#8AB0B5
Spun Green,1124T,"rgb(118,162,168)",#76A2A8
JUNEAU,1125A,"rgb(92,145,152)",#5C9198
STORMY FORECAST,1126A,"rgb(68,130,138)",#44828A
Dark Sea,1127A,"rgb(38,112,122)",#26707A
Ice Flow,1128P,"rgb(197,213,215)",#C5D5D7
Crystal Sea,1129P,"rgb(171,194,200)",#ABC2C8
JESSIE&#39;S BLUE,1130T,"rgb(146,176,183)",#92B0B7
Casa del Mar,1131T,"rgb(121,161,171)",#79A1AB
MOUNTAIN STREAM,1132T/A,"rgb(98,145,157)",#62919D
ATLANTIS CLIFF,1133A,"rgb(66,125,138)",#427D8A
Atlantic Ocean,1134A,"rgb(39,109,126)",#276D7E
Falling Water,1135P,"rgb(191,209,215)",#BFD1D7
Serene Setting,1136P,"rgb(162,191,200)",#A2BFC8
Westerly,1137T,"rgb(139,172,184)",#8BACB8
Bashful Blue,1138T,"rgb(121,159,173)",#799FAD
STONE COLD,1139A,"rgb(93,138,155)",#5D8A9B
EVENING SHOWER,1140A,"rgb(74,124,144)",#4A7C90
Atlantic Storm,1141A,"rgb(47,109,131)",#2F6D83
In the Rain,1142P,"rgb(197,211,217)",#C5D3D9
Mellow Blue,1143P,"rgb(172,190,200)",#ACBEC8
Shallow Pool,1144T,"rgb(140,170,185)",#8CAAB9
Honky Tonk Blue,1145T,"rgb(120,156,173)",#789CAD
DEEP TIDE,1146T/A,"rgb(95,139,159)",#5F8B9F
GRANITE FALLS,1147A,"rgb(71,122,145)",#477A91
Storm Cloud,1148A,"rgb(45,105,130)",#2D6982
Crushed Ice,1149P,"rgb(200,212,219)",#C8D4DB
Stardust,1150P,"rgb(177,192,204)",#B1C0CC
Overlook,1151T,"rgb(148,173,188)",#94ADBC
Set Sail,1152T,"rgb(124,154,174)",#7C9AAE
PROVIDENCE,1153A,"rgb(102,136,159)",#66889F
DARK SKY,1154A,"rgb(81,117,143)",#51758F
Blue Dephts,1155A,"rgb(55,100,129)",#376481
White Balloon,1156P,"rgb(203,213,221)",#CBD5DD
Mystic Morn,1157P,"rgb(179,191,206)",#B3BFCE
Glint of Aluminium,1158T,"rgb(157,173,192)",#9DADC0
Silver Ingot,1159T,"rgb(130,152,175)",#8298AF
COOL MARBLE,1160A,"rgb(105,133,160)",#6985A0
BLUEPRINT,1161A,"rgb(84,114,143)",#54728F
Oceanos,1162A,"rgb(59,95,128)",#3B5F80
Beacon Fog,1163P,"rgb(206,211,222)",#CED3DE
Luna Light,1164P,"rgb(177,187,203)",#B1BBCB
Smoky Day,1165T,"rgb(158,168,189)",#9EA8BD
Aerospace,1166T,"rgb(136,149,173)",#8895AD
GIFTED,1167A,"rgb(110,128,157)",#6E809D
WHIRLWIND,1168A,"rgb(93,110,142)",#5D6E8E
Eye of the Storm,1169A,"rgb(69,89,124)",#45597C
Tidal Pool,1170P,"rgb(181,200,201)",#B5C8C9
Comfort Blue,1171T,"rgb(158,182,185)",#9EB6B9
Engaging,1172T,"rgb(140,165,169)",#8CA5A9
Scuba Diver,1173T,"rgb(119,148,152)",#779498
DARK JADE,1174A,"rgb(99,130,135)",#638287
BERMUDA SHORE,1175A,"rgb(76,116,120)",#4C7478
Deep Abyss,1176A,"rgb(50,99,104)",#326368
Snow Glory,1177P,"rgb(188,201,205)",#BCC9CD
ADONIS BLUE,1178P/T,"rgb(164,182,187)",#A4B6BB
Spring Serenade,1179T,"rgb(142,163,169)",#8EA3A9
Azure Like It,1180T,"rgb(124,148,156)",#7C949C
BLUE EYED SAILOR,1181A,"rgb(100,128,136)",#648088
RIVER GOD,1182A,"rgb(79,113,122)",#4F717A
Undersea Blue,1183A,"rgb(53,98,108)",#35626C
Twin Crystal,1184P,"rgb(186,200,205)",#BAC8CD
QUIET PEACE,1185P/T,"rgb(163,180,187)",#A3B4BB
Blue Dusk,1186T,"rgb(142,162,171)",#8EA2AB
Rhapsody in Blue,1187T,"rgb(126,147,157)",#7E939D
BABBLING CREEK,1188A,"rgb(102,129,140)",#66818C
DEEP EYES,1189A,"rgb(84,110,122)",#546E7A
Sea Adventure,1190A,"rgb(56,95,109)",#385F6D
Winsome Blue,1191P,"rgb(192,203,208)",#C0CBD0
Story Blue,1192T,"rgb(163,177,186)",#A3B1BA
Splash,1193T,"rgb(145,164,173)",#91A4AD
Cozy Blue,1194T,"rgb(125,146,158)",#7D929E
ELECTRIC SHOCK,1195A,"rgb(103,127,140)",#677F8C
PARADISE CITY,1196A,"rgb(83,110,123)",#536E7B
Adventure,1197A,"rgb(58,93,109)",#3A5D6D
Blue Frost,1198P,"rgb(190,201,208)",#BEC9D0
ICE LAND,1199P/T,"rgb(166,178,188)",#A6B2BC
North Island,1200T,"rgb(149,160,171)",#95A0AB
Meridian Blue,1201T,"rgb(125,141,155)",#7D8D9B
BLUE VISTA,1202A,"rgb(109,125,140)",#6D7D8C
SPLASHING POND,1203A,"rgb(82,105,122)",#52697A
Neptune’s Castle,1204A,"rgb(59,89,109)",#3B596D
Blue Horizon,1205P,"rgb(190,199,210)",#BEC7D2
SHALLOW SEA,1206P/T,"rgb(169,178,189)",#A9B2BD
Baby Porpoise,1207T,"rgb(147,159,174)",#939FAE
Tidal Wave,1208T,"rgb(128,143,158)",#808F9E
HALEY&#39;S COVE,1209A,"rgb(107,121,137)",#6B7989
OCEAN MELODY,1210A,"rgb(88,106,124)",#586A7C
Nautilous,1211A,"rgb(64,86,107)",#40566B
Evening Moon,1212P,"rgb(193,200,211)",#C1C8D3
JOB&#39;S TEARS,1213P/T,"rgb(174,178,191)",#AEB2BF
Blue Repose,1214T,"rgb(150,158,174)",#969EAE
Fragrant Flower,1215T,"rgb(136,143,160)",#888FA0
POLAR POND,1216A,"rgb(114,121,140)",#72798C
BERRY STAIN,1217A,"rgb(93,101,121)",#5D6579
Blueberry Ripple,1218A,"rgb(68,81,105)",#445169
Feathery,1219P,"rgb(171,191,193)",#ABBFC1
Ocean Spirit,1220T,"rgb(150,169,171)",#96A9AB
Gray Saturday,1221T,"rgb(136,156,158)",#889C9E
SILVER CHARM,1222T/A,"rgb(119,136,139)",#77888B
GROUNDED,1223A,"rgb(100,118,120)",#647678
Meteor,1224A,"rgb(82,99,102)",#526366
Blue Jet,1225A,"rgb(64,83,85)",#405355
Wintery Haven,1226P,"rgb(176,191,194)",#B0BFC2
Twirl,1227T,"rgb(154,172,176)",#9AACB0
Sphere,1228T,"rgb(139,155,159)",#8B9B9F
ZEN RETREAT,1229T/A,"rgb(121,136,141)",#79888D
SMOKY TONE,1230A,"rgb(101,119,124)",#65777C
Subtle Shadow,1231A,"rgb(81,99,102)",#516366
Night Moss,1232A,"rgb(64,84,88)",#405458
Simple Serenity,1233P,"rgb(179,193,199)",#B3C1C7
Blue Shoal,1234T,"rgb(159,171,177)",#9FABB1
Night Dove,1235T,"rgb(142,156,163)",#8E9CA3
BOTTLENOSE DOLPHIN,1236T/A,"rgb(123,136,144)",#7B8890
JUNGLE MIST,1237A,"rgb(104,119,125)",#68777D
Smudge Pot,1238A,"rgb(86,101,108)",#56656C
Pompeii,1239A,"rgb(68,83,89)",#445359
White Pickets,1240P,"rgb(175,187,193)",#AFBBC1
Morning Fog,1241T,"rgb(159,172,180)",#9FACB4
Blue Comfort,1242T,"rgb(138,152,160)",#8A98A0
STORM,1243T/A,"rgb(121,134,143)",#79868F
OVERCAST DAYS,1244A,"rgb(102,115,124)",#66737C
Urban Rock,1245A,"rgb(86,99,107)",#56636B
Splinter,1246A,"rgb(68,81,90)",#44515A
Whispering,1247P,"rgb(180,187,194)",#B4BBC2
Grimsby,1248T,"rgb(158,169,178)",#9EA9B2
Dancing in the Rain,1249T,"rgb(140,150,160)",#8C96A0
Rocky Ridge,1250T,"rgb(128,136,145)",#808891
GRAVEL ROAD,1251A,"rgb(106,116,125)",#6A747D
EVEREST BLUE,1252A,"rgb(89,99,108)",#59636C
Magic Noire,1253A,"rgb(70,80,89)",#465059
Igloo,1254P,"rgb(180,185,194)",#B4B9C2
Broken Shell,1255T,"rgb(158,167,177)",#9EA7B1
Smoke Screen,1256T,"rgb(142,149,160)",#8E95A0
OCEAN LINER,1257T/A,"rgb(124,132,143)",#7C848F
SMOKY WINGS,1258A,"rgb(106,115,125)",#6A737D
Dusk of Day,1259A,"rgb(86,96,106)",#56606A
Black as Night,1260A,"rgb(68,77,87)",#444D57
Perfect Pearl,1261P,"rgb(184,189,200)",#B8BDC8
Downy Dew,1262T,"rgb(162,167,178)",#A2A7B2
Greybeard,1263T,"rgb(140,146,157)",#8C929D
Slate Stone,1264T,"rgb(123,131,142)",#7B838E
SHINING ARMOR,1265A,"rgb(108,113,124)",#6C717C
FAT ALLEY CAT,1266A,"rgb(91,95,106)",#5B5F6A
Black Beard,1267A,"rgb(69,76,87)",#454C57
Berry Good,1268P,"rgb(222,223,226)",#DEDFE2
Gentle Violet,1269P,"rgb(214,215,227)",#D6D7E3
Lilac Brush,1270P,"rgb(195,199,222)",#C3C7DE
Scottish Thistle,1271P,"rgb(175,180,216)",#AFB4D8
Cape Plumbago,1272T,"rgb(147,156,203)",#939CCB
TAYLOR EYES,1273T/A,"rgb(111,129,184)",#6F81B8
Big Blue Star,1274A,"rgb(73,96,156)",#49609C
Lilac Glaze,1275P,"rgb(227,223,226)",#E3DFE2
Lavender Kisses,1276P,"rgb(218,214,226)",#DAD6E2
Softy Violets,1277P,"rgb(203,198,222)",#CBC6DE
Desert Life,1278P,"rgb(183,176,212)",#B7B0D4
Purple Path,1279T,"rgb(158,152,199)",#9E98C7
REGAL CLASSIC,1280T/A,"rgb(125,123,177)",#7D7BB1
Passion Purple,1281A,"rgb(89,87,147)",#595793
Amazing Space,1282P,"rgb(225,222,226)",#E1DEE2
Lavender Bubble,1283P,"rgb(224,216,227)",#E0D8E3
Field of Lavender,1284P,"rgb(207,196,222)",#CFC4DE
Purple Palace,1285P,"rgb(190,178,212)",#BEB2D4
Princess Purple,1286T,"rgb(167,154,199)",#A79AC7
PURPLE SEQUEL,1287T/A,"rgb(139,121,174)",#8B79AE
REGAL BLOOM,1288A,"rgb(102,86,142)",#66568E
Frosted Violet,1289P,"rgb(232,222,226)",#E8DEE2
Violet Dew,1290P,"rgb(224,212,224)",#E0D4E0
Lavender Veil,1291P,"rgb(216,196,219)",#D8C4DB
Slow Dance,1292P,"rgb(199,174,208)",#C7AED0
Venetian Violet,1293T,"rgb(178,150,193)",#B296C1
SWEETHEART BOUCHET,1294A,"rgb(152,120,170)",#9878AA
Majestic Violet,1295A,"rgb(121,85,139)",#79558B
Violet Pearl,1296P,"rgb(232,225,229)",#E8E1E5
Little Darling,1297P,"rgb(230,215,224)",#E6D7E0
Pink Cashmere,1298P,"rgb(224,199,220)",#E0C7DC
Pink Parade,1299P,"rgb(209,175,207)",#D1AFCF
Wildflower Bouquet,1300T,"rgb(186,143,185)",#BA8FB9
FROSTED PLUM,1301A,"rgb(162,115,165)",#A273A5
Perfect Plum,1302A,"rgb(128,80,128)",#805080
Angel,1303P,"rgb(231,221,223)",#E7DDDF
Aromatic Breeze,1304P,"rgb(234,213,222)",#EAD5DE
Red Violet Tint,1305P,"rgb(230,198,218)",#E6C6DA
EYESHADOW,1306P/T,"rgb(216,173,202)",#D8ADCA
Little Girl Pink,1307T,"rgb(197,146,183)",#C592B7
LILY PINK,1308A,"rgb(175,114,160)",#AF72A0
Violet Trace,1309A,"rgb(147,80,129)",#935081
Angle Gloss,1310P,"rgb(236,225,227)",#ECE1E3
Tiara Pink,1311P,"rgb(236,213,219)",#ECD5DB
Love Andi,1312P,"rgb(232,192,211)",#E8C0D3
Viva la Pink,1313T,"rgb(221,172,197)",#DDACC5
Pretty Posey,1314T,"rgb(207,148,178)",#CF94B2
FLORAL GARDEN,1315A,"rgb(189,115,154)",#BD739A
Magenta Rose,1316A,"rgb(159,78,123)",#9F4E7B
Amethyst Ice,1317P,"rgb(220,221,228)",#DCDDE4
Rain Lily,1318P,"rgb(206,207,221)",#CECFDD
Fragrant Amelia,1319P,"rgb(188,187,209)",#BCBBD1
Basket of Flowers,1320T,"rgb(164,169,199)",#A4A9C7
Dainty Cornflower,1321T,"rgb(141,146,182)",#8D92B6
CRESTED IRIS,1322A,"rgb(109,119,163)",#6D77A3
Twilight Sky,1323A,"rgb(80,92,140)",#505C8C
Sea Lavender,1324P,"rgb(226,222,229)",#E2DEE5
Berry Cream,1325P,"rgb(207,204,220)",#CFCCDC
Amazing Grace,1326P,"rgb(189,183,209)",#BDB7D1
Nemesis,1327T,"rgb(162,158,192)",#A29EC0
Velvet Violet,1328T,"rgb(150,139,178)",#968BB2
PURPLE SPARKLE,1329A,"rgb(120,115,159)",#78739F
Jubilee Violet,1330A,"rgb(85,83,130)",#555382
QUEEN ANNE&#39;S LACE,1331P,"rgb(224,220,226)",#E0DCE2
Aster Tint,1332P,"rgb(214,204,217)",#D6CCD9
Candy Tuft,1333P,"rgb(197,185,207)",#C5B9CF
Lavender Spectacle,1334T,"rgb(173,162,190)",#ADA2BE
Lavender Bikini,1335T,"rgb(156,143,179)",#9C8FB3
GENEVIEVE SONG,1336A,"rgb(127,114,155)",#7F729B
Sunset Mauve,1337A,"rgb(98,84,129)",#625481
Snowman,1338P,"rgb(227,220,224)",#E3DCE0
Easter Bunny,1339P,"rgb(216,202,215)",#D8CAD7
Petal Poise,1340P,"rgb(200,184,207)",#C8B8CF
Gypsy Purple,1341T,"rgb(177,160,189)",#B1A0BD
Windflower,1342T,"rgb(161,140,175)",#A18CAF
DARING DECEPTION,1343A,"rgb(140,113,152)",#8C7198
Plum Sensation,1344A,"rgb(110,82,126)",#6E527E
Praise Giving,1345P,"rgb(230,220,224)",#E6DCE0
Lady Anne,1346P,"rgb(221,203,216)",#DDCBD8
Royal Palace,1347P,"rgb(202,180,202)",#CAB4CA
Rose Amethyst,1348T,"rgb(187,160,188)",#BBA0BC
Sparkling Plum,1349T,"rgb(169,139,172)",#A98BAC
GRAPE SODA,1350A,"rgb(147,112,150)",#937096
Velvet Pansy,1351A,"rgb(121,80,124)",#79507C
Magenta Red Lips,1352P,"rgb(231,217,222)",#E7D9DE
Jam and Butter,1353P,"rgb(222,202,213)",#DECAD5
Plum’s the World,1354P,"rgb(211,182,200)",#D3B6C8
Victorian Parlor,1355T,"rgb(194,161,185)",#C2A1B9
Mauvette Shade,1356T,"rgb(179,139,167)",#B38BA7
FAIRY LAND,1357A,"rgb(154,109,142)",#9A6D8E
Cloud Terrace,1358A,"rgb(131,78,118)",#834E76
Pink Touch,1359P,"rgb(232,216,221)",#E8D8DD
Rose Mallow,1360P,"rgb(225,202,211)",#E1CAD3
Rare Find,1361P,"rgb(216,180,195)",#D8B4C3
Toe Shoes,1362T,"rgb(199,158,178)",#C79EB2
Summer Cosmos,1363T,"rgb(186,138,163)",#BA8AA3
PEONY PRIZE,1364A,"rgb(169,109,139)",#A96D8B
Berry Bright,1365A,"rgb(141,77,113)",#8D4D71
Imagination,1366P,"rgb(207,207,217)",#CFCFD9
Pebble Path,1367P,"rgb(186,187,203)",#BABBCB
Stella Maris,1368T,"rgb(162,166,188)",#A2A6BC
Always,1369T,"rgb(140,145,172)",#8C91AC
GORGEOUS GABI,1370T/A,"rgb(118,125,152)",#767D98
PURPLE SLATE,1371A,"rgb(96,106,138)",#606A8A
NIGHT&#39;S CLOAK,1372A,"rgb(76,84,120)",#4C5478
Odyssey Orchid,1373P,"rgb(216,208,217)",#D8D0D9
Mauve Dust,1374P,"rgb(183,180,197)",#B7B4C5
Bell Flower,1375T,"rgb(165,161,181)",#A5A1B5
Spice Plum,1376T,"rgb(146,143,167)",#928FA7
MOSS PHLOX,1377T/A,"rgb(126,121,148)",#7E7994
ANGEL&#39;S LANDING,1378A,"rgb(104,100,132)",#686484
Midnight Rendezvous,1379A,"rgb(86,81,116)",#565174
Really Early Light,1380P,"rgb(217,210,219)",#D9D2DB
Windy Day,1381P,"rgb(190,181,195)",#BEB5C3
GRANDMA&#39;S FAVOURITE,1382T,"rgb(171,163,183)",#ABA3B7
Charming Violet,1383T,"rgb(148,142,166)",#948EA6
Plum Illsuion,1384T,"rgb(131,121,149)",#837995
ANTIQUE PLUM,1385A,"rgb(111,101,131)",#6F6583
Purple Stillettos,1386A,"rgb(91,79,113)",#5B4F71
Snow Flakes,1387P,"rgb(215,206,217)",#D7CED9
Heather Ash,1388P,"rgb(190,180,195)",#BEB4C3
Plum Crazy,1389T,"rgb(174,158,178)",#AE9EB2
Granite Rose,1390T,"rgb(157,140,164)",#9D8CA4
MARVELLOUS MAGIC,1391T/A,"rgb(142,121,147)",#8E7993
PLAYFUL,1392A,"rgb(117,99,128)",#756380
Deep Velvet,1393A,"rgb(102,81,114)",#665172
Dreamer,1394P,"rgb(223,208,216)",#DFD0D8
Dusty Mauve,1395P,"rgb(201,183,197)",#C9B7C5
Warm Violet,1396T,"rgb(186,164,182)",#BAA4B6
Weathered Plum,1397T,"rgb(166,143,166)",#A68FA6
CAPE GRAPE,1398T/A,"rgb(146,121,146)",#927992
GRAPE&#39;S TREASURE,1399A,"rgb(126,100,128)",#7E6480
Victorian Lace,1400A,"rgb(109,79,110)",#6D4F6E
Vintage Viola,1401P,"rgb(224,207,214)",#E0CFD6
Lavender Memory,1402P,"rgb(206,183,196)",#CEB7C4
Brendan,1403T,"rgb(186,161,178)",#BAA1B2
Grape Ash,1404T,"rgb(171,141,161)",#AB8DA1
MEDIEVAL,1405T/A,"rgb(149,117,140)",#95758C
GRAPE ILLUSION,1406A,"rgb(133,98,124)",#85627C
Lost Spirit,1407A,"rgb(120,78,105)",#784E69
Morning Side,1408P,"rgb(226,207,212)",#E2CFD4
Shell Crush,1409P,"rgb(205,181,191)",#CDB5BF
Abra Cadabra,1410T,"rgb(188,158,173)",#BC9EAD
Purple Prose,1411T,"rgb(168,137,155)",#A8899B
LOCKHART,1412T/A,"rgb(157,120,140)",#9D788C
GRACEFUL GRAPE,1413A,"rgb(139,101,123)",#8B657B
Burgundy Berry,1414A,"rgb(128,81,104)",#805168
White Owl,1415P,"rgb(198,199,210)",#C6C7D2
Lady Grey,1416P,"rgb(176,178,192)",#B0B2C0
GENTLEMAN&#39;S GREY,1417T,"rgb(156,157,174)",#9C9DAE
Lightning Sash,1418T,"rgb(132,136,154)",#84889A
LAST LIGHT,1419A,"rgb(115,119,137)",#737789
QUICKSHOT,1420A,"rgb(95,96,116)",#5F6074
Revel,1421A,"rgb(75,81,104)",#4B5168
Winged Victory,1422P,"rgb(198,195,205)",#C6C3CD
NIAGRA MIST,1423P/T,"rgb(174,172,185)",#AEACB9
Spring Feather,1424T,"rgb(156,153,167)",#9C99A7
Desolate,1425T,"rgb(137,134,150)",#898696
BUTTERFLY BUSH,1426A,"rgb(119,116,133)",#777485
VANCOUVER DUSK,1427A,"rgb(98,97,118)",#626176
Mysterious Iris,1428A,"rgb(77,74,96)",#4D4A60
Last Night,1429P,"rgb(202,198,206)",#CAC6CE
Simplicity,1430P,"rgb(183,175,187)",#B7AFBB
Primrose Path,1431T,"rgb(158,155,168)",#9E9BA8
Silver Shell,1432T,"rgb(140,137,153)",#8C8999
SCREEN GEM,1433A,"rgb(121,114,132)",#797284
GYPSY&#39;S GOWN,1434A,"rgb(101,95,116)",#655F74
Night Iris,1435A,"rgb(86,78,100)",#564E64
Moonlit Path,1436P,"rgb(203,196,206)",#CBC4CE
Moonlight Melody,1437P,"rgb(183,175,187)",#B7AFBB
Dove’s Delight,1438T,"rgb(164,155,169)",#A49BA9
Timeless Classic,1439T,"rgb(143,133,149)",#8F8595
NOBLE HONOR,1440A,"rgb(122,112,129)",#7A7081
REGAL BEARING,1441A,"rgb(104,92,112)",#685C70
NIGHT&#39;S PRIDE,1442A,"rgb(89,75,95)",#594B5F
Crescent Moon,1443P,"rgb(206,196,205)",#CEC4CD
Little Smile,1444P,"rgb(186,176,185)",#BAB0B9
Spiderweb,1445T,"rgb(169,155,168)",#A99BA8
Sunset Serenade,1446T,"rgb(152,135,148)",#988794
PURPLE SALVIA,1447T/A,"rgb(133,114,129)",#857281
WINTER LILAC,1448A,"rgb(114,95,114)",#725F72
Purple Geranium,1449A,"rgb(100,78,98)",#644E62
Violet Light,1450P,"rgb(211,195,204)",#D3C3CC
Plum Pudding,1451P,"rgb(188,172,184)",#BCACB8
Violet Fluff,1452T,"rgb(174,155,167)",#AE9BA7
Satin Lining,1453T,"rgb(156,136,149)",#9C8895
BERRY LIGHT,1454T/A,"rgb(136,114,128)",#887280
CHERISH THE MOMENT,1455A,"rgb(117,93,110)",#755D6E
Romantic Ballad,1456A,"rgb(97,72,90)",#61485A
Paternoster,1457P,"rgb(210,192,198)",#D2C0C6
LOVER&#39;S TRYST,1458P,"rgb(192,172,180)",#C0ACB4
Purple Whimsy,1459T,"rgb(172,151,160)",#AC97A0
Veld Dusk,1460T,"rgb(157,135,146)",#9D8792
WINK,1461T/A,"rgb(139,114,126)",#8B727E
PURPLE SECRET,1462A,"rgb(121,94,108)",#795E6C
Family Jewels,1463A,"rgb(105,74,89)",#694A59
Walk on the Moon,1464P,"rgb(188,188,198)",#BCBCC6
Moon Rock,1465T,"rgb(167,169,179)",#A7A9B3
Revenge,1466T,"rgb(147,148,159)",#93949F
Soft Lead,1467T,"rgb(129,131,142)",#81838E
GREY ARCHO,1468A,"rgb(109,110,121)",#6D6E79
Phantom Night,1469A,"rgb(91,94,105)",#5B5E69
Chalkboard,1470A,"rgb(72,74,84)",#484A54
Purple Pebbles,1471P,"rgb(189,187,198)",#BDBBC6
Steamy,1472T,"rgb(170,167,178)",#AAA7B2
Love Triangle,1473T,"rgb(149,147,159)",#95939F
Platinum Bar,1474T,"rgb(130,128,140)",#82808C
SILVERY,1475A,"rgb(110,109,120)",#6E6D78
Iron Horse,1476A,"rgb(91,90,101)",#5B5A65
Otter,1477A,"rgb(75,72,84)",#4B4854
North Pole,1478P,"rgb(191,185,195)",#BFB9C3
WHITE CASTLE,1479P/T,"rgb(166,163,175)",#A6A3AF
Steamy Shadow,1480T,"rgb(151,148,159)",#97949F
Grey Reminder,1481T,"rgb(131,129,140)",#83818C
SILVER AIRPLANE,1482A,"rgb(112,110,121)",#706E79
Time Capsule,1483A,"rgb(94,90,101)",#5E5A65
SHARK&#39;S TAIL,1484A,"rgb(77,72,82)",#4D4852
Smoke Bush,1485P,"rgb(193,184,194)",#C1B8C2
VALLIANT,1486P/T,"rgb(169,162,172)",#A9A2AC
Gladiator,1487T,"rgb(154,148,159)",#9A949F
White Shark,1488T,"rgb(133,129,140)",#85818C
SIDEWALK,1489A,"rgb(112,106,117)",#706A75
SILVER BELL,1490A,"rgb(97,90,101)",#615A65
Artist Charcoal,1491A,"rgb(80,70,79)",#50464F
Rainshower,1492P,"rgb(193,181,190)",#C1B5BE
Dried Lavender,1493T,"rgb(176,164,173)",#B0A4AD
Hazy Purple,1494T,"rgb(153,145,154)",#99919A
Flipper,1495T,"rgb(139,127,137)",#8B7F89
AROUND TOWN,1496A,"rgb(116,107,117)",#746B75
PRUNE WHIP,1497A,"rgb(102,91,99)",#665B63
Purple Dusk,1498A,"rgb(79,69,79)",#4F454F
Pale Alabaster,1499P,"rgb(199,184,192)",#C7B8C0
Plush,1500T,"rgb(170,159,169)",#AA9FA9
Swallow Tail,1501T,"rgb(156,145,154)",#9C919A
Santo Gray,1502T,"rgb(138,128,136)",#8A8088
MYSTERIOUS,1503A,"rgb(120,108,117)",#786C75
BROWN COW,1504A,"rgb(103,90,98)",#675A62
Rafter,1505A,"rgb(82,70,78)",#52464E
Lavender Sparkle,1506P,"rgb(201,184,191)",#C9B8BF
Heather Dust,1507T,"rgb(176,162,170)",#B0A2AA
SOPHIE&#39;S CHOICE,1508T,"rgb(161,147,154)",#A1939A
Silky Velvet,1509T,"rgb(138,126,135)",#8A7E87
BROWN OUT,1510A,"rgb(121,108,115)",#796C73
SHADED PRUNE,1511A,"rgb(103,88,96)",#675860
Dark Antelope,1512A,"rgb(90,74,81)",#5A4A51
JAMAICA,1513P,"rgb(234,234,228)",#EAEAE4
Tears from a Star,1514P,"rgb(221,223,221)",#DDDFDD
Behind the Clouds,1515P,"rgb(197,200,203)",#C5C8CB
Passing Time,1516T,"rgb(160,165,169)",#A0A5A9
SUBWAY WALL,1517A,"rgb(110,116,121)",#6E7479
Space Oddity,1518A,"rgb(84,87,91)",#54575B
Raven Call,1519A,"rgb(66,68,69)",#424445
Clear Vision,1520P,"rgb(221,222,218)",#DDDEDA
Promenade,1521P,"rgb(201,203,204)",#C9CBCC
LET&#39;S TALK BUSINESS,1522P/T,"rgb(167,169,173)",#A7A9AD
NOVEMBER RAIN,1523T/A,"rgb(123,126,132)",#7B7E84
Moon Walk,1524A,"rgb(80,82,86)",#505256
Nocturnes Owl,1525A,"rgb(69,71,72)",#454748
Bagira Panther,1526A,"rgb(64,64,63)",#40403F
Premonition,1527P,"rgb(209,209,203)",#D1D1CB
Dream a Dream,1528P,"rgb(198,197,192)",#C6C5C0
URBAN MIST,1529P/T,"rgb(183,183,180)",#B7B7B4
Secrets Unfold,1530T,"rgb(158,161,161)",#9EA1A1
Time Matters,1531T,"rgb(130,132,133)",#828485
REVEALING MYSTERY,1532A,"rgb(97,98,97)",#616261
Deep in the Dark,1533A,"rgb(78,77,75)",#4E4D4B
Footsteps,1534P,"rgb(223,220,213)",#DFDCD5
Last Rain,1535P,"rgb(214,211,206)",#D6D3CE
EARTH GREY,1536P/T,"rgb(180,178,175)",#B4B2AF
Concrete,1537T,"rgb(157,158,157)",#9D9E9D
ON THE ROAD,1538T/A,"rgb(131,130,129)",#838281
MONSOON,1539A,"rgb(101,99,97)",#656361
Carbonized,1540A,"rgb(75,71,67)",#4B4743
De Ja Vu,1541P,"rgb(233,228,218)",#E9E4DA
Marble Grey,1542P,"rgb(214,208,198)",#D6D0C6
Solitude,1543P,"rgb(194,187,175)",#C2BBAF
Mountain Grey,1544T,"rgb(167,165,157)",#A7A59D
STORMY SKY,1545T/A,"rgb(140,136,128)",#8C8880
SENSE OF GREY,1546A,"rgb(115,109,99)",#736D63
Daring Grey,1547A,"rgb(84,78,70)",#544E46
Secret White,1548P,"rgb(239,234,224)",#EFEAE0
Day to Day,1549P,"rgb(220,213,202)",#DCD5CA
Comfort Zone,1550P,"rgb(211,201,188)",#D3C9BC
Reality Bites,1551T,"rgb(176,167,157)",#B0A79D
Desert Road,1552T,"rgb(149,142,135)",#958E87
EARTH MIRACLE,1553A,"rgb(115,107,98)",#736B62
Grounding,1554A,"rgb(98,88,77)",#62584D
Lasting White,1555P,"rgb(228,219,206)",#E4DBCE
Eco Life,1556P,"rgb(220,209,194)",#DCD1C2
Timeless,1557P,"rgb(207,196,180)",#CFC4B4
Kind Word,1558T,"rgb(169,160,149)",#A9A095
Far Away,1559T,"rgb(150,140,129)",#968C81
SETTLE DOWN,1560A,"rgb(115,104,91)",#73685B
Old Friend,1561A,"rgb(97,86,74)",#61564A
Blessings,1562P,"rgb(228,219,208)",#E4DBD0
Resonance,1563P,"rgb(214,202,191)",#D6CABF
A Thousand Years,1564T,"rgb(174,162,152)",#AEA298
Chateau,1565T,"rgb(150,139,130)",#968B82
FRAGMENTS,1566A,"rgb(137,122,112)",#897A70
CRAFT,1567A,"rgb(120,106,96)",#786A60
Without You,1568A,"rgb(99,85,73)",#635549
Chances,1569P,"rgb(217,207,197)",#D9CFC5
Thorn,1570P,"rgb(209,200,188)",#D1C8BC
Ordinary Love,1571P,"rgb(193,184,173)",#C1B8AD
Elevation,1572T,"rgb(166,159,150)",#A69F96
HIGHEST MOUNTAIN,1573A,"rgb(135,126,115)",#877E73
BLUR,1574A,"rgb(121,111,100)",#796F64
Fa?ade,1575A,"rgb(90,83,72)",#5A5348
Balance,1576P,"rgb(214,203,189)",#D6CBBD
Dawn Beacon,1577P,"rgb(200,189,173)",#C8BDAD
Mysterious Ways,1578T,"rgb(177,168,156)",#B1A89C
IT&#39;S ALL RIGHT,1579T/A,"rgb(151,141,128)",#978D80
HIERARCHY,1580A,"rgb(134,124,109)",#867C6D
Urban Life,1581A,"rgb(123,113,100)",#7B7164
Synchronicity,1582A,"rgb(103,93,79)",#675D4F
Make Sense,1583P,"rgb(212,208,198)",#D4D0C6
MATERIAL WORLD,1584P/T,"rgb(190,184,172)",#BEB8AC
Another Way,1585T,"rgb(166,162,153)",#A6A299
STEPPING STONE,1586A,"rgb(139,135,127)",#8B877F
ON MY WAY,1587A,"rgb(124,117,106)",#7C756A
JOURNEY,1588A,"rgb(115,108,97)",#736C61
Solid,1589A,"rgb(86,80,72)",#565048
Clarity,1590P,"rgb(214,212,205)",#D6D4CD
Nine to Five,1591P,"rgb(196,195,191)",#C4C3BF
Ordinary Day,1592T,"rgb(159,161,160)",#9FA1A0
TROUBLED WATER,1593T/A,"rgb(133,134,133)",#858685
SHADOWS,1594A,"rgb(113,114,111)",#71726F
DARKENESS,1595A,"rgb(102,104,103)",#666867
Late in the Evening,1596A,"rgb(84,83,80)",#545350
Ease Your Mind,1597P,"rgb(210,207,203)",#D2CFCB
Pure Logic,1598P,"rgb(197,195,192)",#C5C3C0
NEW PLAN,1599P/T,"rgb(181,179,174)",#B5B3AE
Business Suit,1600T,"rgb(159,160,159)",#9FA09F
STREET BENCH,1601T/A,"rgb(133,133,133)",#858585
IN THE SHADOW,1602A,"rgb(106,104,102)",#6A6866
Boudoir,1603A,"rgb(77,72,68)",#4D4844
Memories,1604P,"rgb(200,195,191)",#C8C3BF
Tender Grey,1605P,"rgb(187,181,177)",#BBB5B1
BREATHLESS,1606P/T,"rgb(177,170,167)",#B1AAA7
Flashback,1607T,"rgb(155,150,149)",#9B9695
ON MY OWN,1608A,"rgb(126,121,121)",#7E7979
EVENING SHADOWS,1609A,"rgb(106,99,98)",#6A6362
Winds of Change,1610A,"rgb(82,75,72)",#524B48
